ID_ISO;ID_LINEA;SHEET;REV;PLANO_CONTRATISTA;PLANO_CODELCO;CLASE;NPS;INGENIERIA;CONDICION;SPOOLEADO;ESTATUS;DISTRIBUIDO;OBSERVACIONES
"03351-CT-6""-C3-0005-R3_HOJA-1";"03351-CT-6""-C3-0005-R3";1;0;F039-SS01-ISO-PI-001;4600022667-001-03350-502CA-00001;C3;6;JRI;Dibujado;SI;Vigente;SI;
"03351-CT-6""-C3-0005-R3_HOJA-2";"03351-CT-6""-C3-0005-R3";2;0;F039-SS01-ISO-PI-001;4600022667-001-03350-502CA-00001;C3;6;JRI;Dibujado;SI;Vigente;SI;
"03351-CT-6""-C3-0005-R3_HOJA-3";"03351-CT-6""-C3-0005-R3";3;0;F039-SS01-ISO-PI-001;4600022667-001-03350-502CA-00001;C3;12;JRI;Dibujado;SI;Vigente;SI;
"03351-CT-6""-C3-0018-R3_HOJA-1";"03351-CT-6""-C3-0018-R3";1;0;F039-SS01-ISO-PI-002;4600022667-001-03350-502CA-00002;C3;4;JRI;Dibujado;SI;Vigente;SI;
"03351-CT-6""-C3-0018-R3_HOJA-2";"03351-CT-6""-C3-0018-R3";2;0;F039-SS01-ISO-PI-002;4600022667-001-03350-502CA-00002;C3;6;JRI;Dibujado;SI;Vigente;SI;
"03351-CT-6""-C3-0018-R3_HOJA-3";"03351-CT-6""-C3-0018-R3";3;0;F039-SS01-ISO-PI-002;4600022667-001-03350-502CA-00002;C3;2;JRI;Dibujado;SI;Vigente;SI;
"03351-CT-6""-C3-0018-R3_HOJA-4";"03351-CT-6""-C3-0018-R3";4;0;F039-SS01-ISO-PI-002;4600022667-001-03350-502CA-00002;C3;6;JRI;Dibujado;SI;Vigente;SI;
"03351-CT-6""-C3-0018-R3_HOJA-5";"03351-CT-6""-C3-0018-R3";5;0;F039-SS01-ISO-PI-002;4600022667-001-03350-502CA-00002;C3;6;JRI;Dibujado;SI;Vigente;SI;
"03351-CT-6""-C3-0018-R3_HOJA-6";"03351-CT-6""-C3-0018-R3";6;0;F039-SS01-ISO-PI-002;4600022667-001-03350-502CA-00002;C3;6;JRI;Dibujado;SI;Vigente;SI;
"03351-CT-6""-C3-0018-R3_HOJA-7";"03351-CT-6""-C3-0018-R3";7;0;F039-SS01-ISO-PI-002;4600022667-001-03350-502CA-00002;C3;6;JRI;Dibujado;SI;Vigente;SI;
"03351-CT-6""-C3-0018-R3_HOJA-8";"03351-CT-6""-C3-0018-R3";8;0;F039-SS01-ISO-PI-002;4600022667-001-03350-502CA-00002;C3;6;JRI;Dibujado;SI;Vigente;SI;
"03351-CT-6""-C3-0018-R3_HOJA-9";"03351-CT-6""-C3-0018-R3";9;0;F039-SS01-ISO-PI-002;4600022667-001-03350-502CA-00002;C3;6;JRI;Dibujado;SI;Vigente;SI;
"03351-CT-6""-C3-0018-R3_HOJA-10";"03351-CT-6""-C3-0018-R3";10;0;F039-SS01-ISO-PI-002;4600022667-001-03350-502CA-00002;C3;6;JRI;Dibujado;SI;Vigente;SI;
"03351-CT-6""-C3-0018-R3_HOJA-11";"03351-CT-6""-C3-0018-R3";11;0;F039-SS01-ISO-PI-002;4600022667-001-03350-502CA-00002;C3;6;JRI;Dibujado;SI;Vigente;SI;
"03351-CT-6""-C3-0018-R3_HOJA-12";"03351-CT-6""-C3-0018-R3";12;0;F039-SS01-ISO-PI-002;4600022667-001-03350-502CA-00002;C3;6;JRI;Dibujado;SI;Vigente;SI;
"03351-CT-6""-C3-0018-R3_HOJA-13";"03351-CT-6""-C3-0018-R3";13;0;F039-SS01-ISO-PI-002;4600022667-001-03350-502CA-00002;C3;6;JRI;Dibujado;SI;Vigente;SI;
"03351-CT-6""-C3-0018-R3_HOJA-14";"03351-CT-6""-C3-0018-R3";14;0;F039-SS01-ISO-PI-002;4600022667-001-03350-502CA-00002;C3;6;JRI;Dibujado;SI;Vigente;SI;
"03351-CT-6""-C3-0018-R3_HOJA-15";"03351-CT-6""-C3-0018-R3";15;0;F039-SS01-ISO-PI-002;4600022667-001-03350-502CA-00002;C3;6;JRI;Dibujado;SI;Vigente;SI;
"03351-CT-6""-C3-0018-R3_HOJA-16";"03351-CT-6""-C3-0018-R3";16;0;F039-SS01-ISO-PI-002;4600022667-001-03350-502CA-00002;C3;6;JRI;Dibujado;SI;Vigente;SI;
"03351-CT-6""-C3-0018-R3_HOJA-17";"03351-CT-6""-C3-0018-R3";17;0;F039-SS01-ISO-PI-002;4600022667-001-03350-502CA-00002;C3;6;JRI;Dibujado;SI;Vigente;SI;
"03351-CT-6""-C3-0018-R3_HOJA-18";"03351-CT-6""-C3-0018-R3";18;0;F039-SS01-ISO-PI-002;4600022667-001-03350-502CA-00002;C3;6;JRI;Dibujado;SI;Vigente;SI;
"03351-CT-6""-C3-0018-R3_HOJA-19";"03351-CT-6""-C3-0018-R3";19;0;F039-SS01-ISO-PI-002;4600022667-001-03350-502CA-00002;C3;6;JRI;Dibujado;SI;Vigente;SI;
"03351-CT-6""-C3-0018-R3_HOJA-20";"03351-CT-6""-C3-0018-R3";20;0;F039-SS01-ISO-PI-002;4600022667-001-03350-502CA-00002;C3;6;JRI;Dibujado;SI;Vigente;SI;
"03351-CT-6""-C3-0018-R3_HOJA-21";"03351-CT-6""-C3-0018-R3";21;0;F039-SS01-ISO-PI-002;4600022667-001-03350-502CA-00002;C3;6;JRI;Dibujado;SI;Vigente;SI;
"03351-CT-6""-C3-0018-R3_HOJA-22";"03351-CT-6""-C3-0018-R3";22;0;F039-SS01-ISO-PI-002;4600022667-001-03350-502CA-00002;C3;6;JRI;Dibujado;SI;Vigente;SI;
"03351-CT-6""-C3-0006-R3_HOJA-1";"03351-CT-6""-C3-0006-R3";1;0;F039-SS01-ISO-PI-003;4600022667-001-03350-502CA-00003;C3;12;JRI;Dibujado;SI;Vigente;SI;
"03351-CT-6""-C3-0006-R3_HOJA-2";"03351-CT-6""-C3-0006-R3";2;0;F039-SS01-ISO-PI-003;4600022667-001-03350-502CA-00003;C3;6;JRI;Dibujado;SI;Vigente;SI;
"03351-CT-6""-C3-0006-R3_HOJA-3";"03351-CT-6""-C3-0006-R3";3;0;F039-SS01-ISO-PI-003;4600022667-001-03350-502CA-00003;C3;6;JRI;Dibujado;SI;Vigente;SI;
"03351-CT-6""-C3-0021-R3_HOJA-1";"03351-CT-6""-C3-0021-R3";1;0;F039-SS01-ISO-PI-004;4600022667-001-03350-502CA-00004;C3;6;JRI;Dibujado;SI;Vigente;SI;
"03351-CT-6""-C3-0021-R3_HOJA-2";"03351-CT-6""-C3-0021-R3";2;0;F039-SS01-ISO-PI-004;4600022667-001-03350-502CA-00004;C3;4;JRI;Dibujado;SI;Vigente;SI;
"03351-CT-6""-C3-0021-R3_HOJA-3";"03351-CT-6""-C3-0021-R3";3;0;F039-SS01-ISO-PI-004;4600022667-001-03350-502CA-00004;C3;6;JRI;Dibujado;SI;Vigente;SI;
"03351-CT-6""-C3-0021-R3_HOJA-4";"03351-CT-6""-C3-0021-R3";4;0;F039-SS01-ISO-PI-004;4600022667-001-03350-502CA-00004;C3;2;JRI;Dibujado;SI;Vigente;SI;
"03351-CT-6""-C3-0021-R3_HOJA-5";"03351-CT-6""-C3-0021-R3";5;0;F039-SS01-ISO-PI-004;4600022667-001-03350-502CA-00004;C3;6;JRI;Dibujado;SI;Vigente;SI;
"03351-CT-6""-C3-0021-R3_HOJA-6";"03351-CT-6""-C3-0021-R3";6;0;F039-SS01-ISO-PI-004;4600022667-001-03350-502CA-00004;C3;6;JRI;Dibujado;SI;Vigente;SI;
"03351-CT-6""-C3-0021-R3_HOJA-7";"03351-CT-6""-C3-0021-R3";7;0;F039-SS01-ISO-PI-004;4600022667-001-03350-502CA-00004;C3;6;JRI;Dibujado;SI;Vigente;SI;
"03351-CT-6""-C3-0021-R3_HOJA-8";"03351-CT-6""-C3-0021-R3";8;0;F039-SS01-ISO-PI-004;4600022667-001-03350-502CA-00004;C3;6;JRI;Dibujado;SI;Vigente;SI;
"03351-CT-6""-C3-0021-R3_HOJA-9";"03351-CT-6""-C3-0021-R3";9;0;F039-SS01-ISO-PI-004;4600022667-001-03350-502CA-00004;C3;6;JRI;Dibujado;SI;Vigente;SI;
"03351-CT-6""-C3-0021-R3_HOJA-10";"03351-CT-6""-C3-0021-R3";10;0;F039-SS01-ISO-PI-004;4600022667-001-03350-502CA-00004;C3;6;JRI;Dibujado;SI;Vigente;SI;
"03351-CT-6""-C3-0021-R3_HOJA-11";"03351-CT-6""-C3-0021-R3";11;0;F039-SS01-ISO-PI-004;4600022667-001-03350-502CA-00004;C3;6;JRI;Dibujado;SI;Vigente;SI;
"03351-CT-6""-C3-0021-R3_HOJA-12";"03351-CT-6""-C3-0021-R3";12;0;F039-SS01-ISO-PI-004;4600022667-001-03350-502CA-00004;C3;6;JRI;Dibujado;SI;Vigente;SI;
"03351-CT-6""-C3-0021-R3_HOJA-13";"03351-CT-6""-C3-0021-R3";13;0;F039-SS01-ISO-PI-004;4600022667-001-03350-502CA-00004;C3;6;JRI;Dibujado;SI;Vigente;SI;
"03351-CT-6""-C3-0021-R3_HOJA-14";"03351-CT-6""-C3-0021-R3";14;0;F039-SS01-ISO-PI-004;4600022667-001-03350-502CA-00004;C3;6;JRI;Dibujado;SI;Vigente;SI;
"03351-CT-6""-C3-0021-R3_HOJA-15";"03351-CT-6""-C3-0021-R3";15;0;F039-SS01-ISO-PI-004;4600022667-001-03350-502CA-00004;C3;6;JRI;Dibujado;SI;Vigente;SI;
"03351-CT-6""-C3-0021-R3_HOJA-16";"03351-CT-6""-C3-0021-R3";16;0;F039-SS01-ISO-PI-004;4600022667-001-03350-502CA-00004;C3;6;JRI;Dibujado;SI;Vigente;SI;
"03351-CT-6""-C3-0021-R3_HOJA-17";"03351-CT-6""-C3-0021-R3";17;0;F039-SS01-ISO-PI-004;4600022667-001-03350-502CA-00004;C3;6;JRI;Dibujado;SI;Vigente;SI;
"03351-CT-6""-C3-0021-R3_HOJA-18";"03351-CT-6""-C3-0021-R3";18;0;F039-SS01-ISO-PI-004;4600022667-001-03350-502CA-00004;C3;6;JRI;Dibujado;SI;Vigente;SI;
"03351-CT-6""-C3-0021-R3_HOJA-19";"03351-CT-6""-C3-0021-R3";19;0;F039-SS01-ISO-PI-004;4600022667-001-03350-502CA-00004;C3;6;JRI;Dibujado;SI;Vigente;SI;
"03351-CT-6""-C3-0021-R3_HOJA-20";"03351-CT-6""-C3-0021-R3";20;0;F039-SS01-ISO-PI-004;4600022667-001-03350-502CA-00004;C3;6;JRI;Dibujado;SI;Vigente;SI;
"03351-CT-6""-C3-0021-R3_HOJA-21";"03351-CT-6""-C3-0021-R3";21;0;F039-SS01-ISO-PI-004;4600022667-001-03350-502CA-00004;C3;6;JRI;Dibujado;SI;Vigente;SI;
"03351-CT-6""-C3-0021-R3_HOJA-22";"03351-CT-6""-C3-0021-R3";22;0;F039-SS01-ISO-PI-004;4600022667-001-03350-502CA-00004;C3;6;JRI;Dibujado;SI;Vigente;SI;
"03351-CT-6""-C3-0021-R3_HOJA-23";"03351-CT-6""-C3-0021-R3";23;0;F039-SS01-ISO-PI-004;4600022667-001-03350-502CA-00004;C3;6;JRI;Dibujado;SI;Vigente;SI;
"03351-CT-6""-C3-0021-R3_HOJA-24";"03351-CT-6""-C3-0021-R3";24;0;F039-SS01-ISO-PI-004;4600022667-001-03350-502CA-00004;C3;6;JRI;Dibujado;SI;Vigente;SI;
"03351-CT-6""-C3-0021-R3_HOJA-25";"03351-CT-6""-C3-0021-R3";25;0;F039-SS01-ISO-PI-004;4600022667-001-03350-502CA-00004;C3;6;JRI;Dibujado;SI;Vigente;SI;
"03351-CT-6""-C3-0021-R3_HOJA-26";"03351-CT-6""-C3-0021-R3";26;0;F039-SS01-ISO-PI-004;4600022667-001-03350-502CA-00004;C3;6;JRI;Dibujado;SI;Vigente;SI;
"03351-CT-6""-C3-0021-R3_HOJA-27";"03351-CT-6""-C3-0021-R3";27;0;F039-SS01-ISO-PI-004;4600022667-001-03350-502CA-00004;C3;6;JRI;Dibujado;SI;Vigente;SI;
"03351-CT-6""-C3-0007-R3_HOJA-1";"03351-CT-6""-C3-0007-R3";1;0;F039-SS01-ISO-PI-005;4600022667-001-03350-502CA-00005;C3;6;JRI;Dibujado;SI;Vigente;SI;
"03351-CT-6""-C3-0007-R3_HOJA-2";"03351-CT-6""-C3-0007-R3";2;0;F039-SS01-ISO-PI-005;4600022667-001-03350-502CA-00005;C3;6;JRI;Dibujado;SI;Vigente;SI;
"03351-CT-6""-C3-0007-R3_HOJA-3";"03351-CT-6""-C3-0007-R3";3;0;F039-SS01-ISO-PI-005;4600022667-001-03350-502CA-00005;C3;12;JRI;Dibujado;SI;Vigente;SI;
"03351-CT-6""-C3-0023-R3_HOJA-1";"03351-CT-6""-C3-0023-R3";1;0;F039-SS01-ISO-PI-006;4600022667-001-03350-502CA-00006;C3;4;JRI;Dibujado;SI;Vigente;SI;
"03351-CT-6""-C3-0023-R3_HOJA-2";"03351-CT-6""-C3-0023-R3";2;0;F039-SS01-ISO-PI-006;4600022667-001-03350-502CA-00006;C3;6;JRI;Dibujado;SI;Vigente;SI;
"03351-CT-6""-C3-0023-R3_HOJA-3";"03351-CT-6""-C3-0023-R3";3;0;F039-SS01-ISO-PI-006;4600022667-001-03350-502CA-00006;C3;2;JRI;Dibujado;SI;Vigente;SI;
"03351-CT-6""-C3-0023-R3_HOJA-4";"03351-CT-6""-C3-0023-R3";4;0;F039-SS01-ISO-PI-006;4600022667-001-03350-502CA-00006;C3;6;JRI;Dibujado;SI;Vigente;SI;
"03351-CT-6""-C3-0046-R3_HOJA-1";"03351-CT-6""-C3-0046-R3";1;0;F039-SS01-ISO-PI-007;4600022667-001-03350-502CA-00007;C3;6;JRI;Dibujado;SI;Vigente;SI;
"03351-CT-6""-C3-0046-R3_HOJA-2";"03351-CT-6""-C3-0046-R3";2;0;F039-SS01-ISO-PI-007;4600022667-001-03350-502CA-00007;C3;6;JRI;Dibujado;SI;Vigente;SI;
"03351-CT-6""-C3-0046-R3_HOJA-3";"03351-CT-6""-C3-0046-R3";3;0;F039-SS01-ISO-PI-007;4600022667-001-03350-502CA-00007;C3;6;JRI;Dibujado;SI;Vigente;SI;
"03351-CT-6""-C3-0046-R3_HOJA-4";"03351-CT-6""-C3-0046-R3";4;0;F039-SS01-ISO-PI-007;4600022667-001-03350-502CA-00007;C3;6;JRI;Dibujado;SI;Vigente;SI;
"03351-CT-6""-C3-0046-R3_HOJA-5";"03351-CT-6""-C3-0046-R3";5;0;F039-SS01-ISO-PI-007;4600022667-001-03350-502CA-00007;C3;6;JRI;Dibujado;SI;Vigente;SI;
"03351-CT-6""-C3-0030-R3_HOJA-1";"03351-CT-6""-C3-0030-R3";1;0;F039-SS01-ISO-PI-008;4600022667-001-03350-502CA-00008;C3;6;JRI;Dibujado;SI;Vigente;SI;
"03351-CT-6""-C3-0030-R3_HOJA-2";"03351-CT-6""-C3-0030-R3";2;0;F039-SS01-ISO-PI-008;4600022667-001-03350-502CA-00008;C3;6;JRI;Dibujado;SI;Vigente;SI;
"03351-CT-6""-C3-0050-R3_HOJA-1";"03351-CT-6""-C3-0050-R3";1;0;F039-SS01-ISO-PI-009;4600022667-001-03350-502CA-00009;C3;6;JRI;Dibujado;SI;Vigente;SI;
"03351-CT-6""-C3-0050-R3_HOJA-2";"03351-CT-6""-C3-0050-R3";2;0;F039-SS01-ISO-PI-009;4600022667-001-03350-502CA-00009;C3;6;JRI;Dibujado;SI;Vigente;SI;
"03351-CT-6""-C11-0001-N_HOJA-1";"03351-CT-6""-C11-0001-N";1;1;F039-SS01-ISO-PI-010;4600022667-001-03350-502CA-00010;C11;6;JRI;Dibujado;SI;Vigente;SI;
"03351-CT-6""-C11-0001-N_HOJA-2";"03351-CT-6""-C11-0001-N";2;1;F039-SS01-ISO-PI-010;4600022667-001-03350-502CA-00010;C11;6;JRI;Dibujado;SI;Vigente;SI;
"03351-CT-6""-C11-0001-N_HOJA-3";"03351-CT-6""-C11-0001-N";3;1;F039-SS01-ISO-PI-010;4600022667-001-03350-502CA-00010;C11;6;JRI;Dibujado;SI;Vigente;SI;
"03351-CT-6""-C11-0001-N_HOJA-4";"03351-CT-6""-C11-0001-N";4;1;F039-SS01-ISO-PI-010;4600022667-001-03350-502CA-00010;C11;6;JRI;Dibujado;SI;Vigente;SI;
"03351-CT-6""-C11-0001-N_HOJA-5";"03351-CT-6""-C11-0001-N";5;1;F039-SS01-ISO-PI-010;4600022667-001-03350-502CA-00010;C11;6;JRI;Dibujado;SI;Vigente;SI;
"03351-CT-6""-C11-0001-N_HOJA-6";"03351-CT-6""-C11-0001-N";6;1;F039-SS01-ISO-PI-010;4600022667-001-03350-502CA-00010;C11;6;JRI;Dibujado;SI;Vigente;SI;
"03351-CT-6""-C11-0001-N_HOJA-7";"03351-CT-6""-C11-0001-N";7;1;F039-SS01-ISO-PI-010;4600022667-001-03350-502CA-00010;C11;6;JRI;Dibujado;SI;Vigente;SI;
"03351-CT-6""-C11-0001-N_HOJA-8";"03351-CT-6""-C11-0001-N";8;1;F039-SS01-ISO-PI-010;4600022667-001-03350-502CA-00010;C11;6;JRI;Dibujado;SI;Vigente;SI;
"03351-CT-6""-C11-0001-N_HOJA-9";"03351-CT-6""-C11-0001-N";9;1;F039-SS01-ISO-PI-010;4600022667-001-03350-502CA-00010;C11;6;JRI;Dibujado;SI;Vigente;SI;
"03351-CT-6""-C11-0001-N_HOJA-10";"03351-CT-6""-C11-0001-N";10;1;F039-SS01-ISO-PI-010;4600022667-001-03350-502CA-00010;C11;6;JRI;Dibujado;SI;Vigente;SI;
"03351-CT-6""-C2-0047-N_HOJA-1";"03351-CT-6""-C2-0047-N";1;0;F039-SS01-ISO-PI-011;4600022667-001-03350-502CA-00011;C2;12;JRI;Dibujado;SI;Vigente;SI;
"03351-CT-6""-C2-0047-N_HOJA-2";"03351-CT-6""-C2-0047-N";2;0;F039-SS01-ISO-PI-011;4600022667-001-03350-502CA-00011;C2;6;JRI;Dibujado;SI;Vigente;SI;
"03351-CT-10""-C3-0079-R3_HOJA-1";"03351-CT-10""-C3-0079-R3";1;0;F039-SS01-ISO-PI-012;4600022667-001-03350-502CA-00012;C3;10;EIMISA;Dibujado;SI;Vigente;SI;
03351-CT-200-H2-0002-N_HOJA-1;03351-CT-200-H2-0002-N;1;0;F039-SS01-ISO-PI-013;4600022667-001-03350-502CA-00013;H2;8;EIMISA;Dibujado;SI;Vigente;SI;
03351-CT-200-H2-0002-N_HOJA-2;03351-CT-200-H2-0002-N;2;0;F039-SS01-ISO-PI-013;4600022667-001-03350-502CA-00013;H2;8;EIMISA;Dibujado;SI;Vigente;SI;
03351-CT-200-H2-0002-N_HOJA-3;03351-CT-200-H2-0002-N;3;0;F039-SS01-ISO-PI-013;4600022667-001-03350-502CA-00013;H2;8;EIMISA;Dibujado;SI;Vigente;SI;
03351-CT-200-H2-0002-N_HOJA-4;03351-CT-200-H2-0002-N;4;0;F039-SS01-ISO-PI-013;4600022667-001-03350-502CA-00013;H2;8;EIMISA;Dibujado;SI;Vigente;SI;
03351-CT-200-H2-0002-N_HOJA-5;03351-CT-200-H2-0002-N;5;0;F039-SS01-ISO-PI-013;4600022667-001-03350-502CA-00013;H2;8;EIMISA;Dibujado;SI;Vigente;SI;
03351-CT-200-H2-0045-N_HOJA-1;03351-CT-200-H2-0045-N;1;0;F039-SS01-ISO-PI-014;4600022667-001-03350-502CA-00014;H2;8;EIMISA;Dibujado;SI;Vigente;SI;
"03351-CT-3""-C2-0012-N_HOJA-1";"03351-CT-3""-C2-0012-N";1;0;F039-SS01-ISO-PI-015;4600022667-001-03350-502CA-00015;C2;3;EIMISA;Dibujado;SI;Vigente;SI;
"03351-CT-3""-C2-0059-N_HOJA-1";"03351-CT-3""-C2-0059-N";1;0;F039-SS01-ISO-PI-016;4600022667-001-03350-502CA-00016;C2;3;EIMISA;Dibujado;SI;Vigente;SI;
"03351-CT-3""-C2-0060-N_HOJA-1";"03351-CT-3""-C2-0060-N";1;0;F039-SS01-ISO-PI-017;4600022667-001-03350-502CA-00017;C2;3;EIMISA;Dibujado;SI;Vigente;SI;
"03351-CT-3""-C2-0061-N_HOJA-1";"03351-CT-3""-C2-0061-N";1;0;F039-SS01-ISO-PI-018;4600022667-001-03350-502CA-00018;C2;3;EIMISA;Dibujado;SI;Vigente;SI;
"03351-CT-3""-C2-0062-N_HOJA-1";"03351-CT-3""-C2-0062-N";1;0;F039-SS01-ISO-PI-019;4600022667-001-03350-502CA-00019;C2;3;EIMISA;Dibujado;SI;Vigente;SI;
"03351-CT-3""-C2-0063-N_HOJA-1";"03351-CT-3""-C2-0063-N";1;0;F039-SS01-ISO-PI-020;4600022667-001-03350-502CA-00020;C2;3;EIMISA;Dibujado;SI;Vigente;SI;
"03351-CT-3""-C2-0064-N_HOJA-1";"03351-CT-3""-C2-0064-N";1;0;F039-SS01-ISO-PI-021;4600022667-001-03350-502CA-00021;C2;3;EIMISA;Dibujado;SI;Vigente;SI;
"03351-CT-3""-C2-0065-N_HOJA-1";"03351-CT-3""-C2-0065-N";1;0;F039-SS01-ISO-PI-022;4600022667-001-03350-502CA-00022;C2;3;EIMISA;Dibujado;SI;Vigente;SI;
"03351-CT-3""-C2-0066-N_HOJA-1";"03351-CT-3""-C2-0066-N";1;0;F039-SS01-ISO-PI-023;4600022667-001-03350-502CA-00023;C2;3;EIMISA;Dibujado;SI;Vigente;SI;
"03351-CT-3""-C2-0067-N_HOJA-1";"03351-CT-3""-C2-0067-N";1;0;F039-SS01-ISO-PI-024;4600022667-001-03350-502CA-00024;C2;3;EIMISA;Dibujado;SI;Vigente;SI;
"03351-CT-3""-C2-0068-N_HOJA-1";"03351-CT-3""-C2-0068-N";1;0;F039-SS01-ISO-PI-025;4600022667-001-03350-502CA-00025;C2;3;EIMISA;Dibujado;SI;Vigente;SI;
"03351-CT-3""-C2-0069-N_HOJA-1";"03351-CT-3""-C2-0069-N";1;0;F039-SS01-ISO-PI-026;4600022667-001-03350-502CA-00026;C2;3;EIMISA;Dibujado;SI;Vigente;SI;
"03351-CT-3""-C2-0070-N_HOJA-1";"03351-CT-3""-C2-0070-N";1;0;F039-SS01-ISO-PI-027;4600022667-001-03350-502CA-00027;C2;3;EIMISA;Dibujado;SI;Vigente;SI;
"03351-CT-3""-C2-0071-N_HOJA-1";"03351-CT-3""-C2-0071-N";1;0;F039-SS01-ISO-PI-028;4600022667-001-03350-502CA-00028;C2;3;EIMISA;Dibujado;SI;Vigente;SI;
"03351-CT-3""-C2-0072-N_HOJA-1";"03351-CT-3""-C2-0072-N";1;0;F039-SS01-ISO-PI-029;4600022667-001-03350-502CA-00029;C2;3;EIMISA;Dibujado;SI;Vigente;SI;
"03351-CT-3""-C2-0074-N_HOJA-1";"03351-CT-3""-C2-0074-N";1;0;F039-SS01-ISO-PI-030;4600022667-001-03350-502CA-00030;C2;3;EIMISA;Dibujado;SI;Vigente;SI;
"03351-CT-3""-C2-0086-N_HOJA-1";"03351-CT-3""-C2-0086-N";1;0;F039-SS01-ISO-PI-031;4600022667-001-03350-502CA-00031;C2;3;EIMISA;Dibujado;SI;Vigente;SI;
"03351-CT-4""-C2-0003-N_HOJA-1";"03351-CT-4""-C2-0003-N";1;0;F039-SS01-ISO-PI-032;4600022667-001-03350-502CA-00032;C2;4;EIMISA;Dibujado;SI;Vigente;SI;
"03351-CT-4""-C2-0004-N_HOJA-1";"03351-CT-4""-C2-0004-N";1;0;F039-SS01-ISO-PI-033;4600022667-001-03350-502CA-00033;C2;4;EIMISA;Dibujado;SI;Vigente;SI;
"03351-CT-4""-C3-0015-R3_HOJA-1";"03351-CT-4""-C3-0015-R3";1;0;F039-SS01-ISO-PI-034;4600022667-001-03350-502CA-00034;C3;4;EIMISA;Dibujado;SI;Vigente;SI;
"03351-CT-4""-C3-0015-R3_HOJA-2";"03351-CT-4""-C3-0015-R3";2;0;F039-SS01-ISO-PI-034;4600022667-001-03350-502CA-00034;C3;4;EIMISA;Dibujado;SI;Vigente;SI;
"03351-CT-4""-C3-0017-R3_HOJA-1";"03351-CT-4""-C3-0017-R3";1;0;F039-SS01-ISO-PI-035;4600022667-001-03350-502CA-00035;C3;4;EIMISA;Dibujado;SI;Vigente;SI;
"03351-CT-4""-C3-0077-R3_HOJA-1";"03351-CT-4""-C3-0077-R3";1;0;F039-SS01-ISO-PI-036;4600022667-001-03350-502CA-00036;C3;4;EIMISA;Dibujado;SI;Vigente;SI;
03351-CT-400-H1-0057-N_HOJA-1;03351-CT-400-H1-0057-N;1;0;F039-SS01-ISO-PI-037;4600022667-001-03350-502CA-00037;H1;16;EIMISA;Dibujado;SI;Vigente;SI;
03351-CT-400-H1-0058-N_HOJA-1;03351-CT-400-H1-0058-N;1;0;F039-SS01-ISO-PI-038;4600022667-001-03350-502CA-00038;H1;16;EIMISA;Dibujado;SI;Vigente;SI;
"03351-FP-1""-C5-0022-HC_HOJA-1";"03351-FP-1""-C5-0022-HC";1;0;F039-SS01-ISO-PI-39;4600022667-001-03350-502CA-00039;C5;1;EIMISA;Dibujado;SI;Vigente;SI;
"03351-FP-2""-C5-0121-HC_HOJA-1";"03351-FP-2""-C5-0121-HC";1;0;F039-SS01-ISO-PI-40;4600022667-001-03350-502CA-00040;C5;6;EIMISA;Dibujado;SI;Vigente;SI;
"03351-FP-2""-C5-0121-HC_HOJA-2";"03351-FP-2""-C5-0121-HC";2;0;F039-SS01-ISO-PI-40;4600022667-001-03350-502CA-00040;C5;6;EIMISA;Dibujado;SI;Vigente;SI;
"03351-FP-2""-C5-0121-HC_HOJA-3";"03351-FP-2""-C5-0121-HC";3;0;F039-SS01-ISO-PI-40;4600022667-001-03350-502CA-00040;C5;6;EIMISA;Dibujado;SI;Vigente;SI;
"03351-FP-2""-C5-0121-HC_HOJA-4";"03351-FP-2""-C5-0121-HC";4;0;F039-SS01-ISO-PI-40;4600022667-001-03350-502CA-00040;C5;6;EIMISA;Dibujado;SI;Vigente;SI;
"03351-GW-1""-C1-0031-N_HOJA-1";"03351-GW-1""-C1-0031-N";1;0;F039-SS01-ISO-PI-41;4600022667-001-03350-502CA-00041;C1;1;EIMISA;Dibujado;SI;Vigente;SI;
"03351-GW-1""-C1-0031-N_HOJA-2";"03351-GW-1""-C1-0031-N";2;0;F039-SS01-ISO-PI-41;4600022667-001-03350-502CA-00041;C1;1;EIMISA;Dibujado;SI;Vigente;SI;
"03351-GW-1""-C1-0031-N_HOJA-3";"03351-GW-1""-C1-0031-N";3;0;F039-SS01-ISO-PI-41;4600022667-001-03350-502CA-00041;C1;1;EIMISA;Dibujado;SI;Vigente;SI;
"03351-GW-1""-C1-0032-N_HOJA-1";"03351-GW-1""-C1-0032-N";1;0;F039-SS01-ISO-PI-42;4600022667-001-03350-502CA-00042;C1;1;EIMISA;Dibujado;SI;Vigente;SI;
"03351-GW-1""-C1-0033-N_HOJA-1";"03351-GW-1""-C1-0033-N";1;0;F039-SS01-ISO-PI-43;4600022667-001-03350-502CA-00043;C1;1;EIMISA;Dibujado;SI;Vigente;SI;
"03351-GW-1""-C1-0033-N_HOJA-2";"03351-GW-1""-C1-0033-N";2;0;F039-SS01-ISO-PI-43;4600022667-001-03350-502CA-00043;C1;1;EIMISA;Dibujado;SI;Vigente;SI;
"03351-GW-1""-C1-0033-N_HOJA-3";"03351-GW-1""-C1-0033-N";3;0;F039-SS01-ISO-PI-43;4600022667-001-03350-502CA-00043;C1;1;EIMISA;Dibujado;SI;Vigente;SI;
"03351-GW-1""-C1-0033-N_HOJA-4";"03351-GW-1""-C1-0033-N";4;0;F039-SS01-ISO-PI-43;4600022667-001-03350-502CA-00043;C1;1;EIMISA;Dibujado;SI;Vigente;SI;
"03351-GW-1""-C1-0033-N_HOJA-5";"03351-GW-1""-C1-0033-N";5;0;F039-SS01-ISO-PI-43;4600022667-001-03350-502CA-00043;C1;1;EIMISA;Dibujado;SI;Vigente;SI;
"03351-GW-1""-C1-0033-N_HOJA-6";"03351-GW-1""-C1-0033-N";6;0;F039-SS01-ISO-PI-43;4600022667-001-03350-502CA-00043;C1;1;EIMISA;Dibujado;SI;Vigente;SI;
"03351-GW-1""-C1-0034-N_HOJA-1";"03351-GW-1""-C1-0034-N";1;0;F039-SS01-ISO-PI-44;4600022667-001-03350-502CA-00044;C1;1;EIMISA;Dibujado;SI;Vigente;SI;
"03351-GW-1""-C1-0035-N_HOJA-1";"03351-GW-1""-C1-0035-N";1;0;F039-SS01-ISO-PI-45;4600022667-001-03350-502CA-00045;C1;1;EIMISA;Dibujado;SI;Vigente;SI;
"03351-GW-1""-C1-0035-N_HOJA-2";"03351-GW-1""-C1-0035-N";2;0;F039-SS01-ISO-PI-45;4600022667-001-03350-502CA-00045;C1;1;EIMISA;Dibujado;SI;Vigente;SI;
"03351-GW-1""-C1-0035-N_HOJA-3";"03351-GW-1""-C1-0035-N";3;0;F039-SS01-ISO-PI-45;4600022667-001-03350-502CA-00045;C1;1;EIMISA;Dibujado;SI;Vigente;SI;
"03351-GW-1""-C1-0035-N_HOJA-4";"03351-GW-1""-C1-0035-N";4;0;F039-SS01-ISO-PI-45;4600022667-001-03350-502CA-00045;C1;1;EIMISA;Dibujado;SI;Vigente;SI;
"03351-GW-1""-C1-0036-N_HOJA-1";"03351-GW-1""-C1-0036-N";1;0;F039-SS01-ISO-PI-46;4600022667-001-03350-502CA-00046;C1;1;EIMISA;Dibujado;SI;Vigente;SI;
"03351-GW-1""-C1-0043-N_HOJA-1";"03351-GW-1""-C1-0043-N";1;0;F039-SS01-ISO-PI-47;4600022667-001-03350-502CA-00047;C1;1;EIMISA;Dibujado;SI;Vigente;SI;
"03351-GW-1""-C1-0043-N_HOJA-2";"03351-GW-1""-C1-0043-N";2;0;F039-SS01-ISO-PI-47;4600022667-001-03350-502CA-00047;C1;1;EIMISA;Dibujado;SI;Vigente;SI;
"03351-GW-1""-C1-0043-N_HOJA-3";"03351-GW-1""-C1-0043-N";3;0;F039-SS01-ISO-PI-47;4600022667-001-03350-502CA-00047;C1;1;EIMISA;Dibujado;SI;Vigente;SI;
"03351-GW-1""-C1-0075-N_HOJA-1";"03351-GW-1""-C1-0075-N";1;0;F039-SS01-ISO-PI-48;4600022667-001-03350-502CA-00048;C1;1;EIMISA;Dibujado;SI;Vigente;SI;
"03351-GW-1""-C1-0076-N_HOJA-1";"03351-GW-1""-C1-0076-N";1;0;F039-SS01-ISO-PI-49;4600022667-001-03350-502CA-00049;C1;1;EIMISA;Dibujado;SI;Vigente;SI;
"03351-GW-2""-C1-0040-N_HOJA-1";"03351-GW-2""-C1-0040-N";1;0;F039-SS01-ISO-PI-50;4600022667-001-03350-502CA-00050;C1;2;EIMISA;Dibujado;SI;Vigente;SI;
"03351-GW-2""-C1-0041-N_HOJA-1";"03351-GW-2""-C1-0041-N";1;0;F039-SS01-ISO-PI-51;4600022667-001-03350-502CA-00051;C1;2;EIMISA;Dibujado;SI;Vigente;SI;
"03351-GW-2""-C1-0042-N_HOJA-1";"03351-GW-2""-C1-0042-N";1;0;F039-SS01-ISO-PI-52;4600022667-001-03350-502CA-00052;C1;2;EIMISA;Dibujado;SI;Vigente;SI;
"03351-GW-2""-C1-0095-N_HOJA-1";"03351-GW-2""-C1-0095-N";1;0;F039-SS01-ISO-PI-53;4600022667-001-03350-502CA-00053;C1;2;EIMISA;Dibujado;SI;Vigente;SI;
"03351-GW-2""-C1-0095-N_HOJA-2";"03351-GW-2""-C1-0095-N";2;0;F039-SS01-ISO-PI-53;4600022667-001-03350-502CA-00053;C1;2;EIMISA;Dibujado;SI;Vigente;SI;
"03351-GW-2""-C1-0095-N_HOJA-3";"03351-GW-2""-C1-0095-N";3;0;F039-SS01-ISO-PI-53;4600022667-001-03350-502CA-00053;C1;2;EIMISA;Dibujado;SI;Vigente;SI;
"03351-GW-2""-C1-0095-N_HOJA-4";"03351-GW-2""-C1-0095-N";4;0;F039-SS01-ISO-PI-53;4600022667-001-03350-502CA-00053;C1;2;EIMISA;Dibujado;SI;Vigente;SI;
"03351-GW-2""-C1-0095-N_HOJA-5";"03351-GW-2""-C1-0095-N";5;0;F039-SS01-ISO-PI-53;4600022667-001-03350-502CA-00053;C1;2;EIMISA;Dibujado;SI;Vigente;SI;
"03351-IA-1""-G1-0102-N_HOJA-1";"03351-IA-1""-G1-0102-N";1;0;F039-SS01-ISO-PI-54;4600022667-001-03350-502CA-00054;G1;2;EIMISA;Dibujado;SI;Vigente;SI;
"03351-IA-1""-G1-0103-N_HOJA-1";"03351-IA-1""-G1-0103-N";1;0;F039-SS01-ISO-PI-55;4600022667-001-03350-502CA-00055;G1;2;EIMISA;Dibujado;SI;Red Line;SI;Falta
"03351-IA-1""-G1-0104-N_HOJA-1";"03351-IA-1""-G1-0104-N";1;0;F039-SS01-ISO-PI-56;4600022667-001-03350-502CA-00056;G1;2;EIMISA;Dibujado;SI;Red Line;SI;Falta
"03351-IA-1""-G1-0105-N_HOJA-1";"03351-IA-1""-G1-0105-N";1;0;F039-SS01-ISO-PI-57;4600022667-001-03350-502CA-00057;G1;2;EIMISA;Dibujado;SI;Red Line;SI;Falta
"03351-IA-1""-G1-0106-N_HOJA-1";"03351-IA-1""-G1-0106-N";1;0;F039-SS01-ISO-PI-58;4600022667-001-03350-502CA-00058;G1;2;EIMISA;Dibujado;SI;Vigente;SI;
"03351-IA-1""-G1-0107-N_HOJA-1";"03351-IA-1""-G1-0107-N";1;0;F039-SS01-ISO-PI-59;4600022667-001-03350-502CA-00059;G1;2;EIMISA;Dibujado;SI;Eliminada;SI;
"03351-IA-1""-G1-0108-N_HOJA-1";"03351-IA-1""-G1-0108-N";1;0;F039-SS01-ISO-PI-60;4600022667-001-03350-502CA-00060;G1;2;EIMISA;Dibujado;SI;Red Line;SI;Falta
"03351-IA-1""-G1-0109-N_HOJA-1";"03351-IA-1""-G1-0109-N";1;0;F039-SS01-ISO-PI-61;4600022667-001-03350-502CA-00061;G1;2;EIMISA;Dibujado;SI;Red Line;SI;Falta
"03351-IA-1""-G1-0111-N_HOJA-1";"03351-IA-1""-G1-0111-N";1;0;F039-SS01-ISO-PI-62;4600022667-001-03350-502CA-00062;G1;2;EIMISA;Dibujado;SI;Red Line;SI;Falta
"03351-IA-2""-G1-0100-N_HOJA-1";"03351-IA-2""-G1-0100-N";1;0;F039-SS01-ISO-PI-63;4600022667-001-03350-502CA-00063;G1;2;EIMISA;Terminado;;Vigente;;Chequear ruteo
"03351-IA-2""-G1-0100-N_HOJA-2";"03351-IA-2""-G1-0100-N";2;0;F039-SS01-ISO-PI-63;4600022667-001-03350-502CA-00063;G1;2;EIMISA;Dibujado;SI;Red Line;SI;Falta
"03351-IA-2""-G1-0100-N_HOJA-3";"03351-IA-2""-G1-0100-N";3;0;F039-SS01-ISO-PI-63;4600022667-001-03350-502CA-00063;G1;2;EIMISA;Dibujado;SI;Red Line;SI;Falta
"03351-IA-2""-G1-0100-N_HOJA-4";"03351-IA-2""-G1-0100-N";4;0;F039-SS01-ISO-PI-63;4600022667-001-03350-502CA-00063;G1;2;EIMISA;Dibujado;SI;Red Line;SI;Falta
"03351-IA-2""-G1-0101-N_HOJA-1";"03351-IA-2""-G1-0101-N";1;0;F039-SS01-ISO-PI-64;4600022667-001-03350-502CA-00064;G1;2;EIMISA;Dibujado;SI;Vigente;SI;
"03351-IA-2""-G1-0110-N_HOJA-1";"03351-IA-2""-G1-0110-N";1;0;F039-SS01-ISO-PI-65;4600022667-001-03350-502CA-00065;G1;2;EIMISA;Dibujado;SI;Eliminada;SI;
"03351-IA-2""-G1-0112-N_HOJA-1";"03351-IA-2""-G1-0112-N";1;0;F039-SS01-ISO-PI-66;4600022667-001-03350-502CA-00066;G1;2;EIMISA;Dibujado;SI;Eliminada;;Chequear ruteo
"03351-IA-2""-G1-0112-N_HOJA-2";"03351-IA-2""-G1-0112-N";2;0;F039-SS01-ISO-PI-66;4600022667-001-03350-502CA-00066;G1;2;EIMISA;Dibujado;SI;Eliminada;SI;
"03351-IA-2""-G1-0112-N_HOJA-3";"03351-IA-2""-G1-0112-N";3;0;F039-SS01-ISO-PI-66;4600022667-001-03350-502CA-00066;G1;2;EIMISA;Dibujado;SI;Eliminada;SI;
"03351-PW-2""-C1-0014-N_HOJA-1";"03351-PW-2""-C1-0014-N";1;0;F039-SS01-ISO-PI-67;4600022667-001-03350-502CA-00067;C1;2;EIMISA;Dibujado;SI;Vigente;SI;
"03351-PW-2""-C1-0024-N_HOJA-1";"03351-PW-2""-C1-0024-N";1;0;F039-SS01-ISO-PI-68;4600022667-001-03350-502CA-00068;C1;2;EIMISA;Dibujado;SI;Vigente;SI;Cubicado
"03351-PW-2""-C1-0025-N_HOJA-1";"03351-PW-2""-C1-0025-N";1;0;F039-SS01-ISO-PI-69;4600022667-001-03350-502CA-00069;C1;2;EIMISA;Dibujado;SI;Vigente;SI;Cubicado
"03351-PW-2""-C1-0025-N_HOJA-2";"03351-PW-2""-C1-0025-N";2;0;F039-SS01-ISO-PI-69;4600022667-001-03350-502CA-00069;C1;2;EIMISA;Dibujado;SI;Vigente;SI;Cubicado
"03351-PW-2""-C1-0025-N_HOJA-3";"03351-PW-2""-C1-0025-N";3;0;F039-SS01-ISO-PI-69;4600022667-001-03350-502CA-00069;C1;2;EIMISA;Dibujado;SI;Vigente;SI;Cubicado
"03351-PW-2""-C1-0025-N_HOJA-4";"03351-PW-2""-C1-0025-N";4;0;F039-SS01-ISO-PI-69;4600022667-001-03350-502CA-00069;C1;2;EIMISA;Dibujado;SI;Vigente;SI;Cubicado
"03351-PW-2""-C1-0026-N_HOJA-1";"03351-PW-2""-C1-0026-N";1;0;F039-SS01-ISO-PI-70;4600022667-001-03350-502CA-00070;C1;2;EIMISA;Dibujado;SI;Vigente;SI;
"03351-PW-2""-C1-0026-N_HOJA-2";"03351-PW-2""-C1-0026-N";2;0;F039-SS01-ISO-PI-70;4600022667-001-03350-502CA-00070;C1;2;EIMISA;Dibujado;SI;Vigente;SI;
"03351-PW-2""-C1-0028-N_HOJA-1";"03351-PW-2""-C1-0028-N";1;0;F039-SS01-ISO-PI-71;4600022667-001-03350-502CA-00071;C1;2;EIMISA;Dibujado;SI;Vigente;SI;
"03351-PW-2""-C1-0038-N_HOJA-1";"03351-PW-2""-C1-0038-N";1;0;F039-SS01-ISO-PI-72;4600022667-001-03350-502CA-00072;C1;2;EIMISA;Dibujado;SI;Vigente;SI;
"03351-PW-2""-C1-0039-N_HOJA-1";"03351-PW-2""-C1-0039-N";1;0;F039-SS01-ISO-PI-73;4600022667-001-03350-502CA-00073;C1;2;EIMISA;Dibujado;SI;Vigente;SI;
"03351-PW-2""-C1-0039-N_HOJA-2";"03351-PW-2""-C1-0039-N";2;0;F039-SS01-ISO-PI-73;4600022667-001-03350-502CA-00073;C1;2;EIMISA;Dibujado;SI;Vigente;SI;
"03351-PW-2""-C1-0039-N_HOJA-3";"03351-PW-2""-C1-0039-N";3;0;F039-SS01-ISO-PI-73;4600022667-001-03350-502CA-00073;C1;2;EIMISA;Dibujado;SI;Vigente;SI;
"03351-PW-2""-C1-0044-N_HOJA-1";"03351-PW-2""-C1-0044-N";1;0;F039-SS01-ISO-PI-74;4600022667-001-03350-502CA-00074;C1;2;EIMISA;Dibujado;SI;Vigente;SI;
"03351-PW-2""-C1-0048-N_HOJA-1";"03351-PW-2""-C1-0048-N";1;0;F039-SS01-ISO-PI-75;4600022667-001-03350-502CA-00075;C1;2;EIMISA;Dibujado;SI;Vigente;SI;Cubicado
"03351-PW-2""-C1-0048-N_HOJA-2";"03351-PW-2""-C1-0048-N";2;0;F039-SS01-ISO-PI-75;4600022667-001-03350-502CA-00075;C1;2;EIMISA;Dibujado;SI;Vigente;SI;Cubicado
"03351-PW-2""-C1-0048-N_HOJA-3";"03351-PW-2""-C1-0048-N";3;0;F039-SS01-ISO-PI-75;4600022667-001-03350-502CA-00075;C1;2;EIMISA;Dibujado;SI;Vigente;SI;Cubicado
"03351-PW-2""-C1-0049-N_HOJA-1";"03351-PW-2""-C1-0049-N";1;0;F039-SS01-ISO-PI-76;4600022667-001-03350-502CA-00076;C1;2;EIMISA;Dibujado;SI;Vigente;SI;Cubicado
"03351-PW-2""-C1-0049-N_HOJA-2";"03351-PW-2""-C1-0049-N";2;0;F039-SS01-ISO-PI-76;4600022667-001-03350-502CA-00076;C1;2;EIMISA;Dibujado;SI;Vigente;SI;Cubicado
"03351-PW-2""-C1-0049-N_HOJA-3";"03351-PW-2""-C1-0049-N";3;0;F039-SS01-ISO-PI-76;4600022667-001-03350-502CA-00076;C1;2;EIMISA;Dibujado;SI;Vigente;SI;Cubicado
"03351-PW-2""-C1-0049-N_HOJA-4";"03351-PW-2""-C1-0049-N";4;0;F039-SS01-ISO-PI-76;4600022667-001-03350-502CA-00076;C1;2;EIMISA;Dibujado;SI;Vigente;SI;Cubicado
"03351-PW-2""-C1-0051-N_HOJA-1";"03351-PW-2""-C1-0051-N";1;0;F039-SS01-ISO-PI-77;4600022667-001-03350-502CA-00077;C1;2;EIMISA;Dibujado;SI;Vigente;SI;Cubicado
"03351-PW-2""-C1-0052-N_HOJA-1";"03351-PW-2""-C1-0052-N";1;0;F039-SS01-ISO-PI-78;4600022667-001-03350-502CA-00078;C1;2;EIMISA;Dibujado;SI;Vigente;SI;Dibujado
"03351-PW-2""-C1-0053-N_HOJA-1";"03351-PW-2""-C1-0053-N";1;0;F039-SS01-ISO-PI-79;4600022667-001-03350-502CA-00079;C1;2;EIMISA;Dibujado;SI;Vigente;SI;Dibujado
"03351-PW-2""-C1-0054-N_HOJA-1";"03351-PW-2""-C1-0054-N";1;0;F039-SS01-ISO-PI-80;4600022667-001-03350-502CA-00080;C1;2;EIMISA;Dibujado;SI;Vigente;SI;
"03351-PW-2""-C1-0055-N_HOJA-1";"03351-PW-2""-C1-0055-N";1;0;F039-SS01-ISO-PI-81;4600022667-001-03350-502CA-00081;C1;2;EIMISA;Dibujado;SI;Vigente;SI;
"03351-PW-2""-C1-0056-N_HOJA-1";"03351-PW-2""-C1-0056-N";1;0;F039-SS01-ISO-PI-82;4600022667-001-03350-502CA-00082;C1;2;EIMISA;Dibujado;SI;Vigente;SI;
"03351-GW-2""-C1-0078-N_HOJA-1";"03351-GW-2""-C1-0078-N";1;0;F039-SS01-ISO-PI-83;4600022667-001-03350-502CA-00083;C1;2;EIMISA;Dibujado;SI;Vigente;SI;PW a GW
"03351-PW-2""-C1-0081-N_HOJA-1";"03351-PW-2""-C1-0081-N";1;0;F039-SS01-ISO-PI-84;4600022667-001-03350-502CA-00084;C1;2;EIMISA;Dibujado;SI;Vigente;SI;
"03351-PW-2""-C1-0082-N_HOJA-1";"03351-PW-2""-C1-0082-N";1;0;F039-SS01-ISO-PI-85;4600022667-001-03350-502CA-00085;C1;2;EIMISA;Dibujado;SI;Vigente;SI;
"03351-PW-2""-C1-0083-N_HOJA-1";"03351-PW-2""-C1-0083-N";1;0;F039-SS01-ISO-PI-86;4600022667-001-03350-502CA-00086;C1;2;EIMISA;Dibujado;SI;Vigente;SI;
"03351-PW-2""-C1-0084-N_HOJA-1";"03351-PW-2""-C1-0084-N";1;0;F039-SS01-ISO-PI-87;4600022667-001-03350-502CA-00087;C1;2;EIMISA;Dibujado;SI;Vigente;SI;
"03351-PW-2""-C1-0085-N_HOJA-1";"03351-PW-2""-C1-0085-N";1;0;F039-SS01-ISO-PI-88;4600022667-001-03350-502CA-00088;C1;2;EIMISA;Dibujado;SI;Vigente;SI;Dibujado
"03351-PW-2""-C1-0088-N_HOJA-1";"03351-PW-2""-C1-0088-N";1;0;F039-SS01-ISO-PI-89;4600022667-001-03350-502CA-00089;C1;2;EIMISA;Dibujado;SI;Vigente;SI;
"03351-PW-2""-C1-0089-N_HOJA-1";"03351-PW-2""-C1-0089-N";1;0;F039-SS01-ISO-PI-90;4600022667-001-03350-502CA-00090;C1;2;EIMISA;Dibujado;SI;Vigente;SI;
"03351-PW-2""-C1-0090-N_HOJA-1";"03351-PW-2""-C1-0090-N";1;0;F039-SS01-ISO-PI-91;4600022667-001-03350-502CA-00091;C1;2;EIMISA;Dibujado;SI;Vigente;SI;
"03351-PW-2""-C1-0091-N_HOJA-1";"03351-PW-2""-C1-0091-N";1;0;F039-SS01-ISO-PI-92;4600022667-001-03350-502CA-00092;C1;2;EIMISA;Dibujado;SI;Vigente;SI;
"03351-PW-2""-C1-0092-N_HOJA-1";"03351-PW-2""-C1-0092-N";1;0;F039-SS01-ISO-PI-93;4600022667-001-03350-502CA-00093;C1;2;EIMISA;Dibujado;SI;Vigente;SI;
"03351-PW-2""-C1-0093-N_HOJA-1";"03351-PW-2""-C1-0093-N";1;0;F039-SS01-ISO-PI-94;4600022667-001-03350-502CA-00094;C1;2;EIMISA;Dibujado;SI;Vigente;SI;Cubicado
"03351-PW-4""-C1-0016-N_HOJA-1";"03351-PW-4""-C1-0016-N";1;0;F039-SS01-ISO-PI-95;4600022667-001-03350-502CA-00095;C1;4;EIMISA;Dibujado;SI;Vigente;SI;
"03351-PW-4""-C1-0094-N_HOJA-1";"03351-PW-4""-C1-0094-N";1;0;F039-SS01-ISO-PI-96;4600022667-001-03350-502CA-00096;C1;4;EIMISA;Dibujado;SI;Vigente;SI;
"03351-PW-6""-C1-0013-N_HOJA-1";"03351-PW-6""-C1-0013-N";1;0;F039-SS01-ISO-PI-97;4600022667-001-03350-502CA-00097;C1;6;EIMISA;Dibujado;SI;Eliminada;SI;ELIMINADO
"03351-PW-6""-C1-0013-N_HOJA-2";"03351-PW-6""-C1-0013-N";2;0;F039-SS01-ISO-PI-97;4600022667-001-03350-502CA-00097;C1;6;EIMISA;Dibujado;SI;Eliminada;SI;ELIMINADO
"03351-PW-6""-C1-0013-N_HOJA-3";"03351-PW-6""-C1-0013-N";3;0;F039-SS01-ISO-PI-97;4600022667-001-03350-502CA-00097;C1;6;EIMISA;Dibujado;SI;Red Line;SI;Falta
"03351-PW-6""-C1-0013-N_HOJA-4";"03351-PW-6""-C1-0013-N";4;0;F039-SS01-ISO-PI-97;4600022667-001-03350-502CA-00097;C1;6;EIMISA;Dibujado;SI;Vigente;SI;
"03351-PW-6""-C1-0013-N_HOJA-5";"03351-PW-6""-C1-0013-N";5;0;F039-SS01-ISO-PI-97;4600022667-001-03350-502CA-00097;C1;6;EIMISA;Dibujado;SI;Vigente;SI;
03351-RW-250-H1-0009-N_HOJA-1;03351-RW-250-H1-0009-N;1;0;F039-SS01-ISO-PI-98;4600022667-001-03350-502CA-00098;H1;10;EIMISA;Dibujado;SI;Vigente;SI;
03351-RW-250-H1-0010-N_HOJA-1;03351-RW-250-H1-0010-N;1;0;F039-SS01-ISO-PI-99;4600022667-001-03350-502CA-00099;H1;10;EIMISA;Dibujado;SI;Vigente;SI;
03351-RW-250-H1-0011-N_HOJA-1;03351-RW-250-H1-0011-N;1;0;F039-SS01-ISO-PI-100;4600022667-001-03350-502CA-00100;H1;10;EIMISA;Dibujado;SI;Vigente;SI;
03351-RW-450-H1-0008-N_HOJA-1;03351-RW-450-H1-0008-N;1;0;F039-SS01-ISO-PI-101;4600022667-001-03350-502CA-00101;H1;18;EIMISA;Dibujado;SI;Vigente;SI;
;;;;;;;;;;;;;
;;;;;;;;;;;;;
;;;;;;;;;;;;;
;;;;;;;;;;;;;
;;;;;;;;;;;;;
;;;;;;;;;;;;;
;;;;;;;;;;;;;
;;;;;;;;;;;;;
;;;;;;;;;;;;;
;;;;;;;;;;;;;
;;;;;;;;;;;;;
;;;;;;;;;;;;;
;;;;;;;;;;;;;
;;;;;;;;;;;;;
;;;;;;;;;;;;;
;;;;;;;;;;;;;
;;;;;;;;;;;;;
;;;;;;;;;;;;;
;;;;;;;;;;;;;
;;;;;;;;;;;;;
;;;;;;;;;;;;;
;;;;;;;;;;;;;
;;;;;;;;;;;;;
;;;;;;;;;;;;;
;;;;;;;;;;;;;
;;;;;;;;;;;;;
;;;;;;;;;;;;;
;;;;;;;;;;;;;
;;X;;;;;;;;;;;
