ID_VALVULA;ID_MTO;ID_LINEA;CLASE;DESCRIPCION;TAG PIPING;Correlativo Maqueta;Número Aconex;DIAGRAMA;TAG INSTRUMENTACION;DIAM.;CANTIDAD
VAL001;1.2509;"03351-CT-6""-C3-0023-R3";C3;VÁLVULA CONO, ACERO CARBONO ASTM A216 WCB TRIMASTM A216 WCB ASME B16.34 ANSI B16.5 RF CL 150 LO NITRILO Y ASIENTO METALICO;2-VHC-500;086;;;Manual;"2""";1
VAL002;1.2510;"03351-CT-6""-C3-0018-R3";C3;VÁLVULA CONO, ACERO CARBONO ASTM A216 WCB TRIMASTM A216 WCB ASME B16.34 ANSI B16.5 RF CL 150 LO NITRILO Y ASIENTO METALICO;2-VHC-500;077;;;Manual;"2""";1
VAL003;1.2511;"03351-CT-6""-C3-0021-R3";C3;VÁLVULA CONO, ACERO CARBONO ASTM A216 WCB TRIMASTM A216 WCB ASME B16.34 ANSI B16.5 RF CL 150 LO NITRILO Y ASIENTO METALICO;2-VHC-500;093;;;Manual;"2""";1
VAL004;1.2512;"03351-CT-6""-C3-0023-R3";C3;VÁLVULA CONO, ACERO CARBONO ASTM A216 WCB TRIMASTM A216 WCB ASME B16.34 ANSI B16.5 RF CL 150 LO NITRILO Y ASIENTO METALICO;3-VHC-500;085;;;Manual;"3""";1
VAL005;1.2513;"03351-CT-6""-C3-0021-R3";C3;VÁLVULA CONO, ACERO CARBONO ASTM A216 WCB TRIMASTM A216 WCB ASME B16.34 ANSI B16.5 RF CL 150 LO NITRILO Y ASIENTO METALICO;3-VHC-500;092;;;Manual;"3""";1
VAL006;1.2514;"03351-CT-6""-C3-0018-R3";C3;VÁLVULA CONO, ACERO CARBONO ASTM A216 WCB TRIMASTM A216 WCB ASME B16.34 ANSI B16.5 RF CL 150 LO NITRILO Y ASIENTO METALICO;3-VHC-500;076;;;Manual;"3""";1
VAL007;1.2515;"03351-GW-1""-C1-0035-N";C1;VÁLVULA DE ASIENTO INCLINADO, MATERIAL CUERPO ASTM A351-CF3M, MATERIAL JUNTAS FPM, MATERIAL USILLO PTFE, MATERIAL ASIENTO PTFE, NPT ASME B1.20.1, PO;0.75-VAL-200;067;;;HV-1086;"3/4""";1
VAL008;1.2516;"03351-GW-1""-C1-0033-N";C1;VÁLVULA DE ASIENTO INCLINADO, MATERIAL CUERPO ASTM A351-CF3M, MATERIAL JUNTAS FPM, MATERIAL USILLO PTFE, MATERIAL ASIENTO PTFE, NPT ASME B1.20.1, PO;0.75-VAL-200;059;;;HV-1085;"3/4""";1
VAL009;1.2517;"03351-GW-1""-C1-0031-N";C1;VÁLVULA DE ASIENTO INCLINADO, MATERIAL CUERPO ASTM A351-CF3M, MATERIAL JUNTAS FPM, MATERIAL USILLO PTFE, MATERIAL ASIENTO PTFE, NPT ASME B1.20.1, PO;0.75-VAL-200;050;;;HV-1084;"3/4""";1
VAL010;1.2518;"03351-PW-4""-C1-0094-N";C1;VÁLVULA DE BOLA 2 CUERPOS, API 608, CUERPO ASTM A216 GR. WCB, BOLA A316, ASIENTO RPTFE, ANSI B16.5 CLASE 150 RF, LO;4-VBB-103;148;;;Manual;"4""";1
VAL011;1.2519;"03351-PW-4""-C1-0016-N";C1;VÁLVULA DE BOLA 2 CUERPOS, API 608, CUERPO ASTM A216 GR. WCB, BOLA A316, ASIENTO RPTFE, ANSI B16.5CLASE 150 RF, LO;4-VBB-103;129;;;Manual;"4""";1
VAL012;1.2520;"03351-PW-4""-C1-0094-N";C1;VÁLVULA DE BOLA 2 CUERPOS, API 608, CUERPO ASTMA216 GR. WCB, BOLA A316, ASIENTO RPTFE, ANSI B16.5 CLASE 150 RF, LO;4-VBB-103;149;;;Manual;"4""";1
VAL013;1.2521;"03351-PW-4""-C1-0016-N";C1;VÁLVULA DE BOLA 2 CUERPOS, API 608, CUERPO ASTMA216 GR. WCB, BOLA A316, ASIENTO RPTFE, ANSI B16.5 CLASE 150 RF, LO;4-VBB-103;147;;;Manual;"4""";1
VAL014;1.2522;"03351-PW-4""-C1-0016-N";C1;VÁLVULA DE BOLA 2 CUERPOS, API 608, CUERPO ASTMA216 GR. WCB, BOLA A316, ASIENTO RPTFE, ANSI B16.5 CLASE 150 RF, PO;4-VBB-104;146;;;HV-1027;"4""";1
VAL015;1.2523;"03351-GW-1""-C1-0076-N";C1;"VÁLVULA DE BOLA 2 CUERPOS, MSS SP-110 CL 2000 CWP; WOG, FULL PORT, CUERPO ASTM A105, TRIM ASTM A216 TP316, ASIENTO PTFE REFORZADO, SELLOS PTFE, ASMEB1.20.1 NPT, LO";1-VBB-101;047;;;Manual;"1""";1
VAL016;1.2524;"03351-GW-1""-C1-0033-N";C1;"VÁLVULA DE BOLA 2 CUERPOS, MSS SP-110 CL 2000 CWP; WOG, FULL PORT, CUERPO ASTM A105, TRIM ASTM A216 TP316, ASIENTO PTFE REFORZADO, SELLOS PTFE, ASMEB1.20.1 NPT, LO";1-VBB-101;058;;;Manual;"1""";1
VAL017;1.2525;"03351-GW-1""-C1-0031-N";C1;"VÁLVULA DE BOLA 2 CUERPOS, MSS SP-110 CL 2000 CWP; WOG, FULL PORT, CUERPO ASTM A105, TRIM ASTM A216 TP316, ASIENTO PTFE REFORZADO, SELLOS PTFE, ASMEB1.20.1 NPT, LO";0.75-VBB-101;054;;;Manual;"3/4""";1
VAL018;1.2526;"03351-GW-1""-C1-0035-N";C1;"VÁLVULA DE BOLA 2 CUERPOS, MSS SP-110 CL 2000 CWP; WOG, FULL PORT, CUERPO ASTM A105, TRIM ASTM A216 TP316, ASIENTO PTFE REFORZADO, SELLOS PTFE, ASMEB1.20.1 NPT, LO";1-VBB-100;066;;;Manual;"1""";1
VAL019;1.2527;"03351-GW-1""-C1-0031-N";C1;"VÁLVULA DE BOLA 2 CUERPOS, MSS SP-110 CL 2000 CWP; WOG, FULL PORT, CUERPO ASTM A105, TRIM ASTM A216 TP316, ASIENTO PTFE REFORZADO, SELLOS PTFE, ASMEB1.20.1 NPT, LO";1-VBB-101;049;;;Manual;"1""";1
VAL020;1.2528;"03351-GW-1""-C1-0035-N";C1;"VÁLVULA DE BOLA 2 CUERPOS, MSS SP-110 CL 2000 CWP; WOG, FULL PORT, CUERPO ASTM A105, TRIM ASTM A216 TP316, ASIENTO PTFE REFORZADO, SELLOS PTFE, ASMEB1.20.1 NPT, LO";0.75-VBB-101;069;;;Manual;"3/4""";1
VAL021;1.2529;"03351-GW-1""-C1-0033-N";C1;"VÁLVULA DE BOLA 2 CUERPOS, MSS SP-110 CL 2000 CWP; WOG, FULL PORT, CUERPO ASTM A105, TRIM ASTM A216 TP316, ASIENTO PTFE REFORZADO, SELLOS PTFE, ASMEB1.20.1 NPT, LO";1-VBB-101;063;;;Manual;"1""";1
VAL022;1.2530;"03351-GW-1""-C1-0035-N";C1;"VÁLVULA DE BOLA 2 CUERPOS, MSS SP-110 CL 2000 CWP; WOG, FULL PORT, CUERPO ASTM A105, TRIM ASTM A216 TP316, ASIENTO PTFE REFORZADO, SELLOS PTFE, ASMEB1.20.1 NPT, LO";0.75-VBB-101;070;;;Manual;"3/4""";1
VAL023;1.2531;"03351-GW-1""-C1-0075-N";C1;"VÁLVULA DE BOLA 2 CUERPOS, MSS SP-110 CL 2000 CWP; WOG, FULL PORT, CUERPO ASTM A105, TRIM ASTM A216 TP316, ASIENTO PTFE REFORZADO, SELLOS PTFE, ASMEB1.20.1 NPT, LO";1-VBB-101;048;;;Manual;"1""";1
VAL024;1.2532;"03351-GW-1""-C1-0033-N";C1;"VÁLVULA DE BOLA 2 CUERPOS, MSS SP-110 CL 2000 CWP; WOG, FULL PORT, CUERPO ASTM A105, TRIM ASTM A216 TP316, ASIENTO PTFE REFORZADO, SELLOS PTFE, ASMEB1.20.1 NPT, LO";0.75-VBB-101;061;;;Manual;"3/4""";1
VAL025;1.2533;"03351-GW-1""-C1-0031-N";C1;"VÁLVULA DE BOLA 2 CUERPOS, MSS SP-110 CL 2000 CWP; WOG, FULL PORT, CUERPO ASTM A105, TRIM ASTM A216 TP316, ASIENTO PTFE REFORZADO, SELLOS PTFE, ASMEB1.20.1 NPT, LO";0.75-VBB-101;055;;;Manual;"3/4""";1
VAL026;1.2534;"03351-GW-1""-C1-0035-N";C1;"VÁLVULA DE BOLA 2 CUERPOS, MSS SP-110 CL 2000 CWP; WOG, FULL PORT, CUERPO ASTM A105, TRIM ASTM A216 TP316, ASIENTO PTFE REFORZADO, SELLOS PTFE, ASME B1.20.1 NPT, LO";1-VBB-101;071;;;Manual;"1""";1
VAL027;1.2535;"03351-GW-1""-C1-0031-N";C1;"VÁLVULA DE BOLA 2 CUERPOS, MSS SP-110 CL 2000 CWP; WOG, FULL PORT, CUERPO ASTM A105, TRIM ASTM A216 TP316, ASIENTO PTFE REFORZADO, SELLOS PTFE, ASME B1.20.1 NPT, LO";1-VBB-101;052;;;Manual;"1""";1
VAL028;1.2536;"03351-GW-1""-C1-0031-N";C1;"VÁLVULA DE BOLA 2 CUERPOS, MSS SP-110 CL 2000 CWP; WOG, FULL PORT, CUERPO ASTM A105, TRIM ASTM A216 TP316, ASIENTO PTFE REFORZADO, SELLOS PTFE, ASME B1.20.1 NPT, LO";1-VBB-101;053;;;Manual;"1""";1
VAL029;1.2537;"03351-GW-1""-C1-0035-N";C1;"VÁLVULA DE BOLA 2 CUERPOS, MSS SP-110 CL 2000 CWP; WOG, FULL PORT, CUERPO ASTM A105, TRIM ASTM A216 TP316, ASIENTO PTFE REFORZADO, SELLOS PTFE, ASMEB1.20.1 NPT, LO";1-VBB-101;072;;;Manual;"1""";1
VAL030;1.2538;"03351-GW-1""-C1-0033-N";C1;"VÁLVULA DE BOLA 2 CUERPOS, MSS SP-110 CL 2000 CWP; WOG, FULL PORT, CUERPO ASTM A105, TRIM ASTM A216 TP316, ASIENTO PTFE REFORZADO, SELLOS PTFE, ASMEB1.20.1 NPT, LO";1-VBB101;064;;;Manual;"1""";1
VAL031;1.2539;"03351-GW-1""-C1-0033-N";C1;"VÁLVULA DE BOLA 2 CUERPOS, MSS SP-110 CL 2000 CWP; WOG, FULL PORT, CUERPO ASTM A105, TRIM ASTM A216 TP316, ASIENTO PTFE REFORZADO, SELLOS PTFE, ASMEB1.20.1 NPT, LO";0.75-VBB-101;062;;;Manual;"3/4""";1
VAL032;1.2540;"03351-GW-2""-C1-0095-N";C1;"VÁLVULA DE BOLA 2 CUERPOS, MSS SP-110 CL 2000 CWP; WOG, FULL PORT, CUERPO ASTM A105, TRIM ASTM A216 TP316, ASIENTO PTFE REFORZADO, SELLOS PTFE, ASMEB1.20.1 NPT, LO";0.75-VBB-101;170;;;Manual;"3/4""";1
VAL033;1.2541;"03351-GW-2""-C1-0095-N";C1;"VÁLVULA DE BOLA 2 CUERPOS, MSS SP-110 CL 2000 CWP; WOG, FULL PORT, CUERPO ASTM A105, TRIM ASTM A216 TP316, ASIENTO PTFE REFORZADO, SELLOS PTFE, ASMEB1.20.1 NPT, LO";0.75-VBB-101;169;;;Manual;"3/4""";1
VAL034;1.2542;"03351-PW-2""-C1-0051-N";C1;"VÁLVULA DE BOLA 3 CUERPOS, MSS SP-110 CL 2000 CWP; WOG,  FULL PORT, CUERPO ASTM A105, TRIM ASTM A216 TP316, ASIENTO PTFE REFORZADO, SELLOS PTFE, ASMEB1.20.1 NPT, LO";2-VBB-100;128;;;Manual;"2""";1
VAL035;1.2543;"03351-PW-2""-C1-0025-N";C1;"VÁLVULA DE BOLA 3 CUERPOS, MSS SP-110 CL 2000 CWP; WOG,  FULL PORT, CUERPO ASTM A105, TRIM ASTM A216 TP316, ASIENTO PTFE REFORZADO, SELLOS PTFE, ASMEB1.20.1 NPT, LO";2-VBB-100;125;;;Manual;"2""";1
VAL036;1.2544;"03351-PW-2""-C1-0028-N";C1;"VÁLVULA DE BOLA 3 CUERPOS, MSS SP-110 CL 2000 CWP; WOG,  FULL PORT, CUERPO ASTM A105, TRIM ASTM A216 TP316, ASIENTO PTFE REFORZADO, SELLOS PTFE, ASMEB1.20.1 NPT, LO";2-VBB-100;126;;;Manual;"2""";1
VAL037;1.2545;"03351-PW-2""-C1-0091-N";C1;"VÁLVULA DE BOLA 3 CUERPOS, MSS SP-110 CL 2000 CWP; WOG,  FULL PORT, CUERPO ASTM A105, TRIM ASTM A216 TP316, ASIENTO PTFE REFORZADO, SELLOS PTFE, ASMEB1.20.1 NPT, LO";2-VBB-100;115;;;Manual;"2""";1
VAL038;1.2546;"03351-PW-2""-C1-0054-N";C1;"VÁLVULA DE BOLA 3 CUERPOS, MSS SP-110 CL 2000 CWP; WOG,  FULL PORT, CUERPO ASTM A105, TRIM ASTM A216 TP316, ASIENTO PTFE REFORZADO, SELLOS PTFE, ASMEB1.20.1 NPT, LO";2-VBB-100;013;;;Manual;"2""";1
VAL039;1.2547;"03351-PW-2""-C1-0056-N";C1;"VÁLVULA DE BOLA 3 CUERPOS, MSS SP-110 CL 2000 CWP; WOG,  FULL PORT, CUERPO ASTM A105, TRIM ASTM A216 TP316, ASIENTO PTFE REFORZADO, SELLOS PTFE, ASMEB1.20.1 NPT, LO";2-VBB-100;119;;;Manual;"2""";1
VAL040;1.2548;"03351-PW-2""-C1-0055-N";C1;"VÁLVULA DE BOLA 3 CUERPOS, MSS SP-110 CL 2000 CWP; WOG,  FULL PORT, CUERPO ASTM A105, TRIM ASTM A216 TP316, ASIENTO PTFE REFORZADO, SELLOS PTFE, ASMEB1.20.1 NPT, LO";2-VBB-100;123;;;Manual;"2""";1
VAL041;1.2549;"03351-PW-2""-C1-0014-N";C1;"VÁLVULA DE BOLA 3 CUERPOS, MSS SP-110 CL 2000 CWP; WOG,  FULL PORT, CUERPO ASTM A105, TRIM ASTM A216 TP316, ASIENTO PTFE REFORZADO, SELLOS PTFE, ASME B1.20.1 NPT, LO";2-VBB-100;007;;;Manual;"2""";1
VAL042;1.2550;"03351-PW-2""-C1-0014-N";C1;"VÁLVULA DE BOLA 3 CUERPOS, MSS SP-110 CL 2000 CWP; WOG,  FULL PORT, CUERPO ASTM A105, TRIM ASTM A216 TP316, ASIENTO PTFE REFORZADO, SELLOS PTFE, ASME B1.20.1 NPT, LO";2-VBB-100;008;;;Manual;"2""";1
VAL043;1.2551;"03351-PW-2""-C1-0089-N";C1;"VÁLVULA DE BOLA 3 CUERPOS, MSS SP-110 CL 2000 CWP; WOG,  FULL PORT, CUERPO ASTM A105, TRIM ASTM A216 TP316, ASIENTO PTFE REFORZADO, SELLOS PTFE, ASME B1.20.1 NPT, LO";2-VBB-100;113;;;Manual;"2""";1
VAL044;1.2552;"03351-PW-2""-C1-0090-N";C1;"VÁLVULA DE BOLA 3 CUERPOS, MSS SP-110 CL 2000 CWP; WOG,  FULL PORT, CUERPO ASTM A105, TRIM ASTM A216 TP316, ASIENTO PTFE REFORZADO, SELLOS PTFE, ASMEB1.20.1 NPT, LO";2-VBB-100;124;;;Manual;"2""";1
VAL045;1.2553;"03351-PW-2""-C1-0090-N";C1;"VÁLVULA DE BOLA 3 CUERPOS, MSS SP-110 CL 2000 CWP; WOG,  FULL PORT, CUERPO ASTM A105, TRIM ASTM A216 TP316, ASIENTO PTFE REFORZADO, SELLOS PTFE, ASMEB1.20.1 NPT, LO";2-VBB-100;114;;;Manual;"2""";1
VAL046;1.2554;"03351-PW-2""-C1-0088-N";C1;"VÁLVULA DE BOLA 3 CUERPOS, MSS SP-110 CL 2000 CWP; WOG,  FULL PORT, CUERPO ASTM A105, TRIM ASTM A216 TP316, ASIENTO PTFE REFORZADO, SELLOS PTFE, ASMEB1.20.1 NPT, LO";2-VBB-100;112;;;Manual;"2""";1
VAL047;1.2555;"03351-PW-2""-C1-0039-N";C1;"VÁLVULA DE BOLA 3 CUERPOS, MSS SP-110 CL 2000 CWP; WOG,  FULL PORT, CUERPO ASTM A105, TRIM ASTM A216 TP316, ASIENTO PTFE REFORZADO, SELLOS PTFE, ASMEB1.20.1 NPT, LO";2-VBB-100;032;;;Manual;"2""";1
VAL048;1.2556;"03351-GW-2""-C1-0078-N";C1;"VÁLVULA DE BOLA 3 CUERPOS, MSS SP-110 CL 2000 CWP; WOG,  FULL PORT, CUERPO ASTM A105, TRIM ASTM A216 TP316, ASIENTO PTFE REFORZADO, SELLOS PTFE, ASMEB1.20.1 NPT, LO";2-VBB-100;033;;;Manual;"2""";1
VAL049;1.2557;"03351-PW-2""-C1-0038-N";C1;"VÁLVULA DE BOLA 3 CUERPOS, MSS SP-110 CL 2000 CWP; WOG,  FULL PORT, CUERPO ASTM A105, TRIM ASTM A216 TP316, ASIENTO PTFE REFORZADO, SELLOS PTFE, ASMEB1.20.1 NPT, LO";2-VBB-100;015;;;Manual;"2""";1
VAL050;1.2558;"03351-PW-2""-C1-0039-N";C1;"VÁLVULA DE BOLA 3 CUERPOS, MSS SP-110 CL 2000 CWP; WOG,  FULL PORT, CUERPO ASTM A105, TRIM ASTM A216 TP316, ASIENTO PTFE REFORZADO, SELLOS PTFE, ASMEB1.20.1 NPT, LO";2-VBB-100;110;;;Manual;"2""";1
VAL051;1.2559;"03351-PW-2""-C1-0093-N";C1;"VÁLVULA DE BOLA 3 CUERPOS, MSS SP-110 CL 2000 CWP; WOG,  FULL PORT, CUERPO ASTM A105, TRIM ASTM A216 TP316, ASIENTO PTFE REFORZADO, SELLOS PTFE, ASMEB1.20.1 NPT, LO";2-VBB-100;150;;;Manual;"2""";1
VAL052;1.2560;"03351-PW-2""-C1-0025-N";C1;"VÁLVULA DE BOLA 3 CUERPOS, MSS SP-110 CL 2000 CWP; WOG,  FULL PORT, CUERPO ASTM A105, TRIM ASTM A216 TP316, ASIENTO PTFE REFORZADO, SELLOS PTFE, ASMEB1.20.1 NPT, LO";2-VBB-100;127;;;Manual;"2""";1
VAL053;1.2561;"03351-PW-2""-C1-0044-N";C1;"VÁLVULA DE BOLA 3 CUERPOS, MSS SP-110 CL 2000 CWP; WOG,  FULL PORT, CUERPO ASTM A105, TRIM ASTM A216 TP316, ASIENTO PTFE REFORZADO, SELLOS PTFE, ASMEB1.20.1 NPT, LO";2-VBB-100;117;;;Manual;"2""";1
VAL054;1.2562;"03351-PW-2""-C1-0093-N";C1;"VÁLVULA DE BOLA 3 CUERPOS, MSS SP-110 CL 2000 CWP; WOG,  FULL PORT, CUERPO ASTM A105, TRIM ASTM A216 TP316, ASIENTO PTFE REFORZADO, SELLOS PTFE, ASMEB1.20.1 NPT, LO";2-VBB-100;151;;;Manual;"2""";1
VAL055;1.2563;"03351-PW-2""-C1-0054-N";C1;"VÁLVULA DE BOLA 3 CUERPOS, MSS SP-110 CL 2000 CWP; WOG,  FULL PORT, CUERPO ASTM A105, TRIM ASTM A216 TP316, ASIENTO PTFE REFORZADO, SELLOS PTFE, ASMEB1.20.1 NPT, LO";2-VBB-100;121;;;Manual;"2""";1
VAL056;1.2564;"03351-GW-2""-C1-0040-N";C1;"VÁLVULA DE BOLA 3 CUERPOS, MSS SP-110 CL 2000 CWP; WOG,  FULL PORT, CUERPO ASTM A105, TRIM ASTM A216 TP316, ASIENTO PTFE REFORZADO, SELLOS PTFE, ASME B1.20.1 NPT, LO";2-VBB-100;034;;;Manual;"2""";1
VAL057;1.2565;"03351-GW-2""-C1-0042-N";C1;"VÁLVULA DE BOLA 3 CUERPOS, MSS SP-110 CL 2000 CWP; WOG,  FULL PORT, CUERPO ASTM A105, TRIM ASTM A216 TP316, ASIENTO PTFE REFORZADO, SELLOS PTFE, ASME B1.20.1 NPT, LO";2-VBB-100;044;;;Manual;"2""";1
VAL058;1.2566;"03351-GW-2""-C1-0041-N";C1;"VÁLVULA DE BOLA 3 CUERPOS, MSS SP-110 CL 2000 CWP; WOG,  FULL PORT, CUERPO ASTM A105, TRIM ASTM A216 TP316, ASIENTO PTFE REFORZADO, SELLOS PTFE, ASME B1.20.1 NPT, LO";2-VBB-100;043;;;Manual;"2""";1
VAL059;1.2567;"03351-GW-2""-C1-0095-N";C1;"VÁLVULA DE BOLA 3 CUERPOS, MSS SP-110 CL 2000 CWP; WOG,  FULL PORT, CUERPO ASTM A105, TRIM ASTM A216 TP316, ASIENTO PTFE REFORZADO, SELLOS PTFE, ASMEB1.20.1 NPT, LO";2-VBB-100;171;;;Manual;"2""";1
VAL060;1.2568;"03351-PW-2""-C1-0049-N";C1;"VÁLVULA DE BOLA 3 CUERPOS, MSS SP-110 CL 2000 CWP; WOG,  FULL PORT, CUERPO ASTM A105, TRIM ASTM A216 TP316, ASIENTO PTFE REFORZADO, SELLOS PTFE, ASMEB1.20.1 NPT, LO";2-VBB-100;165;;;Manual;"2""";1
VAL061;1.2569;"03351-PW-2""-C1-0048-N";C1;"VÁLVULA DE BOLA 3 CUERPOS, MSS SP-110 CL 2000 CWP; WOG,  FULL PORT, CUERPO ASTM A105, TRIM ASTM A216 TP316, ASIENTO PTFE REFORZADO, SELLOS PTFE, ASMEB1.20.1 NPT, LO";2-VBB-100;030;;;Manual;"2""";1
VAL062;1.2570;"03351-PW-2""-C1-0082-N";C1;"VÁLVULA DE BOLA 3 CUERPOS, MSS SP-110 CL 2000 CWP; WOG,  FULL PORT, CUERPO ASTM A105, TRIM ASTM A216 TP316, ASIENTO PTFE REFORZADO, SELLOS PTFE, ASMEB1.20.1 NPT, LO";2-VBB-100;154;;;Manual;"2""";1
VAL063;1.2571;"03351-PW-2""-C1-0026-N";C1;"VÁLVULA DE BOLA 3 CUERPOS, MSS SP-110 CL 2000 CWP; WOG,  FULL PORT, CUERPO ASTM A105, TRIM ASTM A216 TP316, ASIENTO PTFE REFORZADO, SELLOS PTFE, ASMEB1.20.1 NPT, LO";2-VBB-100;095;;;Manual;"2""";1
VAL064;1.2572;"03351-PW-2""-C1-0081-N";C1;"VÁLVULA DE BOLA 3 CUERPOS, MSS SP-110 CL 2000 CWP; WOG,  FULL PORT, CUERPO ASTM A105, TRIM ASTM A216 TP316, ASIENTO PTFE REFORZADO, SELLOS PTFE, ASMEB1.20.1 NPT, LO";2-VBB-100;155;;;Manual;"2""";1
VAL065;1.2573;"03351-PW-2""-C1-0049-N";C1;"VÁLVULA DE BOLA 3 CUERPOS, MSS SP-110 CL 2000 CWP; WOG,  FULL PORT, CUERPO ASTM A105, TRIM ASTM A216 TP316, ASIENTO PTFE REFORZADO, SELLOS PTFE, ASMEB1.20.1 NPT, LO";2-VBB-100;028;;;Manual;"2""";1
VAL066;1.2574;"03351-PW-2""-C1-0052-N";C1;"VÁLVULA DE BOLA 3 CUERPOS, MSS SP-110 CL 2000 CWP; WOG,  FULL PORT, CUERPO ASTM A105, TRIM ASTM A216 TP316, ASIENTO PTFE REFORZADO, SELLOS PTFE, ASMEB1.20.1 NPT, LO";2-VBB-100;031;;;Manual;"2""";1
VAL067;1.2575;"03351-PW-2""-C1-0048-N";C1;"VÁLVULA DE BOLA 3 CUERPOS, MSS SP-110 CL 2000 CWP; WOG,  FULL PORT, CUERPO ASTM A105, TRIM ASTM A216 TP316, ASIENTO PTFE REFORZADO, SELLOS PTFE, ASMEB1.20.1 NPT, LO";2-VBB-100;164;;;Manual;"2""";1
VAL068;1.2576;"03351-PW-2""-C1-0092-N";C1;"VÁLVULA DE BOLA 3 CUERPOS, MSS SP-110 CL 2000 CWP; WOG,  FULL PORT, CUERPO ASTM A105, TRIM ASTM A216 TP316, ASIENTO PTFE REFORZADO, SELLOS PTFE, ASMEB1.20.1 NPT, LO";2-VBB-100;116;;;Manual;"2""";1
VAL069;1.2577;"03351-PW-2""-C1-0085-N";C1;"VÁLVULA DE BOLA 3 CUERPOS, MSS SP-110 CL 2000 CWP; WOG,  FULL PORT, CUERPO ASTM A105, TRIM ASTM A216 TP316, ASIENTO PTFE REFORZADO, SELLOS PTFE, ASMEB1.20.1 NPT, LO";2-VBB-100;103;;;Manual;"2""";1
VAL070;1.2578;"03351-PW-2""-C1-0083-N";C1;"VÁLVULA DE BOLA 3 CUERPOS, MSS SP-110 CL 2000 CWP; WOG,  FULL PORT, CUERPO ASTM A105, TRIM ASTM A216 TP316, ASIENTO PTFE REFORZADO, SELLOS PTFE, ASMEB1.20.1 NPT, LO";2-VBB-100;158;;;Manual;"2""";1
VAL071;1.2579;"03351-PW-2""-C1-0053-N";C1;"VÁLVULA DE BOLA 3 CUERPOS, MSS SP-110 CL 2000 CWP; WOG,  FULL PORT, CUERPO ASTM A105, TRIM ASTM A216 TP316, ASIENTO PTFE REFORZADO, SELLOS PTFE, ASME B1.20.1 NPT, LO";2-VBB-100;029;;;Manual;"2""";1
VAL072;1.2580;"03351-PW-2""-C1-0084-N";C1;"VÁLVULA DE BOLA 3 CUERPOS, MSS SP-110 CL 2000 CWP; WOG,  FULL PORT, CUERPO ASTM A105, TRIM ASTM A216 TP316, ASIENTO PTFE REFORZADO, SELLOS PTFE, ASME B1.20.1 NPT, LO";2-VBB-100;160;;;Manual;"2""";1
VAL073;1.2581;"03351-PW-2""-C1-0024-N";C1;"VÁLVULA DE BOLA 3 CUERPOS, MSS SP-110 CL 2000 CWP; WOG,  FULL PORT, CUERPO ASTM A105, TRIM ASTM A216 TP316, ASIENTO PTFE REFORZADO, SELLOS PTFE, ASME B1.20.1 NPT, LO";2-VBB-100;009;;;Manual;"2""";1
VAL074;1.2582;03351-RW-250-H1-0011-N;H1;VÁLVULA DE CUCHILLO BIDIRECCIONAL NO PASANTE, CUERPO ACERO CARBONO A216 WCB, EMPAQUETADURA FIBRA SINTÉTICA IMPREGNADA PTFE, COMPUERTA ASTM A316, MSS SP-81, ASME B16.5 CL 150, WAFER, ACCIONAMIENTO MANUAL ENGRANAJE CÓNIC;10-VKN-303;041;;;Manual;"10""";1
VAL075;1.2583;03351-RW-250-H1-0009-N;H1;VÁLVULA DE CUCHILLO BIDIRECCIONAL NO PASANTE, CUERPO ACERO CARBONO A216 WCB, EMPAQUETADURA FIBRA SINTÉTICA IMPREGNADA PTFE, COMPUERTA ASTM A316, MSS SP-81, ASME B16.5 CL 150, WAFER, ACCIONAMIENTO MANUAL ENGRANAJE CÓNIC;10-VKN-303;037;;;Manual;"10""";1
VAL076;1.2584;03351-RW-250-H1-0010-N;H1;VÁLVULA DE CUCHILLO BIDIRECCIONAL NO PASANTE, CUERPO ACERO CARBONO A216 WCB, EMPAQUETADURA FIBRA SINTÉTICA IMPREGNADA PTFE, COMPUERTA ASTM A316, MSS SP-81, ASME B16.5 CL 150, WAFER, ACCIONAMIENTO MANUAL ENGRANAJE CÓNIC;10-VKN-303;039;;;Manual;"10""";1
VAL077;1.2585;"03351-CT-6""-C3-0006-R3";C3;VÁLVULA DE CUCHILLO BIDIRECCIONAL NO PASANTE, CUERPO ACERO CARBONO A216 WCB, EMPAQUETADURA FIBRA SINTÉTICA IMPREGNADA PTFE, COMPUERTA ASTM A316, MSS SP-81, ASME B16.5 CL 150, WAFER, ACCIONAMIENTO MANUAL ENGRANAJE CÓNIC;12-VKN-302;019;;;Manual;"12""";1
VAL078;1.2586;"03351-CT-6""-C3-0007-R3";C3;VÁLVULA DE CUCHILLO BIDIRECCIONAL NO PASANTE, CUERPO ACERO CARBONO A216 WCB, EMPAQUETADURA FIBRA SINTÉTICA IMPREGNADA PTFE, COMPUERTA ASTM A316, MSS SP-81, ASME B16.5 CL 150, WAFER, ACCIONAMIENTO MANUAL ENGRANAJE CÓNIC;12-VKN-302;022;;;Manual;"12""";1
VAL079;1.2587;"03351-CT-6""-C3-0005-R3";C3;VÁLVULA DE CUCHILLO BIDIRECCIONAL NO PASANTE, CUERPO ACERO CARBONO A216 WCB, EMPAQUETADURA FIBRA SINTÉTICA IMPREGNADA PTFE, COMPUERTA ASTM A316, MSS SP-81, ASME B16.5 CL 150, WAFER, ACCIONAMIENTO MANUAL ENGRANAJE CÓNIC;12-VKN-302;016;;;Manual;"12""";1
VAL080;1.2588;"03351-CT-6""-C2-0047-N";C2;VÁLVULA DE CUCHILLO BIDIRECCIONAL NO PASANTE, CUERPO ACERO CARBONO A216 WCB, EMPAQUETADURA FIBRA SINTÉTICA IMPREGNADA PTFE, COMPUERTA ASTM A316, MSS SP-81, ASME B16.5 CL 150, WAFER, ACCIONAMIENTO MANUAL ENGRANAJE CÓNIC;12-VKN-302;025;;;Manual;"12""";1
VAL081;1.2589;"03351-PW-6""-C1-0013-N";C1;VÁLVULA DE CUCHILLO BIDIRECCIONAL NO PASANTE, CUERPO ACERO CARBONO A216 WCB, EMPAQUETADURA FIBRA SINTÉTICA IMPREGNADA PTFE, COMPUERTA ASTM A316, MSS SP-81, ASME B16.5 CL 150, WAFER, ACCIONAMIENTO MANUAL ENGRANAJE CÓNIC;6-VKN-300;035;;;Manual;"6""";1
VAL082;1.2590;"03351-CT-4""-C2-0003-N";C2;VÁLVULA DE CUCHILLO BIDIRECCIONAL NO PASANTE, CUERPO ACERO CARBONO A216 WCB, EMPAQUETADURA FIBRA SINTÉTICA IMPREGNADA PTFE, COMPUERTA ASTM A316, MSS SP-81, ASME B16.5 CL 150, WAFER, ACCIONAMIENTO MANUAL HWO, CON CADEN;4-VKN-306;005;;;Manual;"4""";1
VAL083;1.2591;"03351-CT-4""-C2-0004-N";C2;VÁLVULA DE CUCHILLO BIDIRECCIONAL NO PASANTE, CUERPO ACERO CARBONO A216 WCB, EMPAQUETADURA FIBRA SINTÉTICA IMPREGNADA PTFE, COMPUERTA ASTM A316, MSS SP-81, ASME B16.5 CL 150, WAFER, ACCIONAMIENTO MANUAL HWO, CON CADEN;4-VKN-300;006;;;Manual;"4""";1
VAL084;1.2592;"03351-CT-6""-C3-0005-R3";C3;VÁLVULA DE CUCHILLO BIDIRECCIONAL NO PASANTE, CUERPO ACERO CARBONO A216 WCB, EMPAQUETADURA FIBRA SINTÉTICA IMPREGNADA PTFE, COMPUERTA ASTM A316, MSS SP-81, ASME B16.5 CL 150, WAFER,ACCIONAMIENTO NEUMÁTICO PO;6-VKN-403;018;;;HV-1019;"6""";1
VAL085;1.2593;03351-RW-250-H1-0010-N;H1;VÁLVULA DE CUCHILLO BIDIRECCIONAL NO PASANTE, CUERPO ACERO CARBONO A216 WCB, EMPAQUETADURA FIBRA SINTÉTICA IMPREGNADA PTFE, COMPUERTA ASTM A316, MSS SP-81, ASME B16.5 CL 150, WAFER, ACCIONAMIENTO NEUMÁTICO PO;10-VKN-304;040;;;HV-1011;"10""";1
VAL086;1.2594;03351-RW-250-H1-0011-N;H1;VÁLVULA DE CUCHILLO BIDIRECCIONAL NO PASANTE, CUERPO ACERO CARBONO A216 WCB, EMPAQUETADURA FIBRA SINTÉTICA IMPREGNADA PTFE, COMPUERTA ASTM A316, MSS SP-81, ASME B16.5 CL 150, WAFER,ACCIONAMIENTO NEUMÁTICO PO;10-VKN-304;042;;;HV-1012;"10""";1
VAL087;1.2595;03351-RW-250-H1-0009-N;H1;VÁLVULA DE CUCHILLO BIDIRECCIONAL NO PASANTE, CUERPO ACERO CARBONO A216 WCB, EMPAQUETADURA FIBRA SINTÉTICA IMPREGNADA PTFE, COMPUERTA ASTM A316, MSS SP-81, ASME B16.5 CL 150, WAFER,ACCIONAMIENTO NEUMÁTICO PO;10-VKN-304;038;;;HV-1010;"10""";1
VAL088;1.2596;"03351-CT-6""-C3-0018-R3";C3;VÁLVULA DE CUCHILLO BIDIRECCIONAL NO PASANTE, CUERPO ACERO CARBONO A216 WCB, EMPAQUETADURA FIBRA SINTÉTICA IMPREGNADA PTFE, COMPUERTA ASTM A316, MSS SP-81, ASME B16.5 CL 150, WAFER,ACCIONAMIENTO NEUMÁTICO PO;6-VKN-301;080;;;HV-1020;"6""";1
VAL089;1.2597;"03351-CT-6""-C3-0018-R3";C3;VÁLVULA DE CUCHILLO BIDIRECCIONAL NO PASANTE, CUERPO ACERO CARBONO A216 WCB, EMPAQUETADURA FIBRA SINTÉTICA IMPREGNADA PTFE, COMPUERTA ASTM A316, MSS SP-81, ASME B16.5 CL 150, WAFER,ACCIONAMIENTO NEUMÁTICO PO;6-VKN-301;082;;;HV-1015;"6""";1
VAL090;1.2598;03351-CT-200-H2-0045-N;H2;VÁLVULA DE CUCHILLO BIDIRECCIONAL NO PASANTE, CUERPO ACERO CARBONO A216 WCB, EMPAQUETADURA FIBRA SINTÉTICA IMPREGNADA PTFE, COMPUERTA ASTM A316, MSS SP-81, ASME B16.5 CL 150, WAFER, ACCIONAMIENTO NEUMÁTICO PO;8-VKN-305;003;;;HV-1006;"8""";1
VAL091;1.2599;03351-CT-200-H2-0045-N;H2;VÁLVULA DE CUCHILLO BIDIRECCIONAL NO PASANTE, CUERPO ACERO CARBONO A216 WCB, EMPAQUETADURA FIBRA SINTÉTICA IMPREGNADA PTFE, COMPUERTA ASTM A316, MSS SP-81, ASME B16.5 CL 150, WAFER,ACCIONAMIENTO NEUMÁTICO PO;8-VKN-305;004;;;HV-1005;"8""";1
VAL092;1.2600;"03351-CT-6""-C3-0021-R3";C3;VÁLVULA DE CUCHILLO BIDIRECCIONAL NO PASANTE, CUERPO ACERO CARBONO A216 WCB, EMPAQUETADURA FIBRA SINTÉTICA IMPREGNADA PTFE, COMPUERTA ASTM A316, MSS SP-81, ASME B16.5 CL 150, WAFER,ACCIONAMIENTO NEUMÁTICO PO;6-VKN-301;096;;;HV-1022;"6""";1
VAL093;1.2601;"03351-CT-6""-C3-0006-R3";C3;VÁLVULA DE CUCHILLO BIDIRECCIONAL NO PASANTE, CUERPO ACERO CARBONO A216 WCB, EMPAQUETADURA FIBRA SINTÉTICA IMPREGNADA PTFE, COMPUERTA ASTM A316, MSS SP-81, ASME B16.5 CL 150, WAFER,ACCIONAMIENTO NEUMÁTICO PO;6-VKN-301;020;;;HV-1017;"6""";1
VAL094;1.2602;"03351-CT-6""-C3-0021-R3";C3;VÁLVULA DE CUCHILLO BIDIRECCIONAL NO PASANTE, CUERPO ACERO CARBONO A216 WCB, EMPAQUETADURA FIBRA SINTÉTICA IMPREGNADA PTFE, COMPUERTA ASTM A316, MSS SP-81, ASME B16.5 CL 150, WAFER,ACCIONAMIENTO NEUMÁTICO PO;6-VKN-403;098;;;HV-1013;"6""";1
VAL095;1.2603;"03351-CT-6""-C3-0007-R3";C3;VÁLVULA DE CUCHILLO BIDIRECCIONAL NO PASANTE, CUERPO ACERO CARBONO A216 WCB, EMPAQUETADURA FIBRA SINTÉTICA IMPREGNADA PTFE, COMPUERTA ASTM A316, MSS SP-81, ASME B16.5 CL 150, WAFER,ACCIONAMIENTO NEUMÁTICO PO;6-VKN-403;023;;;HV-1018;"6""";1
VAL096;1.2604;"03351-CT-6""-C3-0050-R3";C3;VÁLVULA DE CUCHILLO BIDIRECCIONAL NO PASANTE, CUERPO ACERO CARBONO A216 WCB, EMPAQUETADURA FIBRA SINTÉTICA IMPREGNADA PTFE, COMPUERTA ASTM A316, MSS SP-81, ASME B16.5 CL 150, WAFER,ACCIONAMIENTO NEUMÁTICO PO;6-VKN-301;102;;;Manual;"6""";1
VAL097;1.2605;"03351-CT-6""-C3-0030-R3";C3;VÁLVULA DE CUCHILLO BIDIRECCIONAL NO PASANTE, CUERPO ACERO CARBONO A216 WCB, EMPAQUETADURA FIBRA SINTÉTICA IMPREGNADA PTFE, COMPUERTA ASTM A316, MSS SP-81, ASME B16.5 CL 150, WAFER,ACCIONAMIENTO NEUMÁTICO PO;6-VKN-301;101;;;HV-1016;"6""";1
VAL098;1.2606;"03351-CT-6""-C3-0023-R3";C3;VÁLVULA DE CUCHILLO BIDIRECCIONAL NO PASANTE, CUERPO ACERO CARBONO A216 WCB, EMPAQUETADURA FIBRA SINTÉTICA IMPREGNADA PTFE, COMPUERTA ASTM A316, MSS SP-81, ASME B16.5 CL 150, WAFER,ACCIONAMIENTO NEUMÁTICO PO;6-VKN-301;087;;;HV-1021;"6""";1
VAL099;1.2607;"03351-CT-6""-C3-0046-R3";C3;VÁLVULA DE CUCHILLO BIDIRECCIONAL NO PASANTE, CUERPO ACERO CARBONO A216 WCB, EMPAQUETADURA FIBRA SINTÉTICA IMPREGNADA PTFE, COMPUERTA ASTM A316, MSS SP-81, ASME B16.5 CL 150, WAFER,ACCIONAMIENTO NEUMÁTICO PO;6-VKN-301;088;;;Manual;"6""";1
VAL100;1.2608;"03351-CT-6""-C3-0046-R3";C3;VÁLVULA DE CUCHILLO BIDIRECCIONAL NO PASANTE, CUERPO ACERO CARBONO A216 WCB, EMPAQUETADURA FIBRA SINTÉTICA IMPREGNADA PTFE, COMPUERTA ASTM A316, MSS SP-81, ASME B16.5 CL 150, WAFER,ACCIONAMIENTO NEUMÁTICO PO;6-VKN-301;090;;;Manual;"6""";1
VAL101;1.2609;03351-CT-200-H2-0002-N;H2;VÁLVULA DE CUCHILLO BIDIRECCIONAL NO PASANTE, CUERPO ACERO CARBONO A216 WCB, EMPAQUETADURA FIBRA SINTÉTICA IMPREGNADA PTFE, COMPUERTA ASTM A316, MSS SP-81, ASME B16.5 CL 150, WAFER,ACCIONAMIENTO NEUMÁTICO PO;8-VKN-301;002;;;HV-1003;"8""";1
VAL102;1.2610;03351-CT-200-H2-0002-N;H2;VÁLVULA DE CUCHILLO BIDIRECCIONAL NO PASANTE, CUERPO ACERO CARBONO A216 WCB, EMPAQUETADURA FIBRA SINTÉTICA IMPREGNADA PTFE, COMPUERTA ASTM A316, MSS SP-81, ASME B16.5 CL 150, WAFER, ACCIONAMIENTO NEUMÁTICO PO;8-VKN-301;001;;;HV-1004;"8""";1
VAL103;1.2611;"03351-GW-2""-C1-0095-N";C1;VÁLVULA DE GLOBO, CUERPO A216 WCC, ANSI B16.5 CLASE 150 FF, RELACIÓN DE REGULACIÓN 50:1 PASORECTO ACCIONAMIENTO NEUMÁTICO;2-VGL-701;172;;;PV-1080;"2""";1
VAL104;1.2612;"03351-PW-2""-C1-0039-N";C1;VÁLVULA MARIPOSA, ASTM A234 GR WBP, TRIM ASTM A531, CF8M, ASME B16.34, API 609, TIPO LUG, CLASE 150,PCO, RPTFE;2-VMP-201;152;;;HV-1026;"2""";1
VAL105;1.2613;"03351-PW-2""-C1-0056-N";C1;VÁLVULA PINCH PASO TOTAL, MATERIAL CUERPOA126CI.B, MATERIAL EJE A283-C, MATERIAL BUJES PP, MATERIAL MANGA NBR, ANSI B16.5 CLASE 150 FF, PO;2-VPN-602;118;;;HV-1092;"2""";1
VAL106;1.2614;"03351-PW-2""-C1-0055-N";C1;VÁLVULA PINCH PASO TOTAL, MATERIAL CUERPO A126CI.B, MATERIAL EJE A283-C, MATERIAL BUJES PP,MATERIAL MANGA NBR, ANSI B16.5 CLASE 150 FF, PO;2-VPN-602;122;;;HV-1090;"2""";1
VAL107;1.2615;"03351-PW-2""-C1-0054-N";C1;VÁLVULA PINCH PASO TOTAL, MATERIAL CUERPO A126CI.B, MATERIAL EJE A283-C, MATERIAL BUJES PP, MATERIAL MANGA NBR, ANSI B16.5 CLASE 150 FF, PO;2-VPN-602;120;;;HV-1091;"2""";1
VAL108;1.2616;"03351-CT-3""-C2-0064-N";C2;VÁLVULA PINCH PASO TOTAL, MATERIAL CUERPO A126CI.B, MATERIAL EJE A283-C, MATERIAL BUJES PP, MATERIAL MANGA NBR, ANSI B16.5 CLASE 150 FF, PO (VPN-601);3-VPN-601;083;;;HV-1177;"3""";1
VAL109;1.2617;"03351-CT-3""-C2-0063-N";C2;VÁLVULA PINCH PASO TOTAL, MATERIAL CUERPO A126CI.B, MATERIAL EJE A283-C, MATERIAL BUJES PP, MATERIAL MANGA NBR, ANSI B16.5 CLASE 150 FF, PO (VPN-601);3-VPN-601;081;;;HV-1175;"3""";1
VAL110;1.2618;"03351-CT-3""-C2-0068-N";C2;VÁLVULA PINCH PASO TOTAL, MATERIAL CUERPO A126CI.B, MATERIAL EJE A283-C, MATERIAL BUJES PP, MATERIAL MANGA NBR, ANSI B16.5 CLASE 150 FF, PO (VPN-601);3-VPN-601;099;;;HV-1190;"3""";1
VAL111;1.2619;"03351-CT-3""-C2-0065-N";C2;VÁLVULA PINCH PASO TOTAL, MATERIAL CUERPO A126CI.B, MATERIAL EJE A283-C, MATERIAL BUJES PP, MATERIAL MANGA NBR, ANSI B16.5 CLASE 150 FF, PO (VPN-601);3-VPN-601;084;;;HV-1178;"3""";1
VAL112;1.2620;"03351-CT-3""-C2-0074-N";C2;VÁLVULA PINCH PASO TOTAL, MATERIAL CUERPO A126CI.B, MATERIAL EJE A283-C, MATERIAL BUJES PP, MATERIAL MANGA NBR, ANSI B16.5 CLASE 150 FF, PO (VPN-601);3-VPN-601;011;;;HV-1093;"3""";1
VAL113;1.2621;"03351-CT-3""-C2-0012-N";C2;VÁLVULA PINCH PASO TOTAL, MATERIAL CUERPO A126CI.B, MATERIAL EJE A283-C, MATERIAL BUJES PP, MATERIAL MANGA NBR, ANSI B16.5 CLASE 150 FF, PO (VPN-601);3-VPN601;012;;;HV-1094;"3""";1
VAL114;1.2622;"03351-CT-3""-C2-0069-N";C2;VÁLVULA PINCH PASO TOTAL, MATERIAL CUERPO A126CI.B, MATERIAL EJE A283-C, MATERIAL BUJES PP, MATERIAL MANGA NBR, ANSI B16.5 CLASE 150 FF, PO (VPN-601);3-VPN-601;100;;;HV-1192;"3""";1
VAL115;1.2623;"03351-CT-6""-C3-0021-R3";C3;VÁLVULA PINCH PASO TOTAL, MATERIAL CUERPO A126CI.B, MATERIAL EJE A283-C, MATERIAL BUJES PP, MATERIAL MANGA NBR, ANSI B16.5 CLASE 150 FF, PO (VPN-601);3-VPN-601;097;;;HV-1188;"3""";1
VAL116;1.2624;"03351-CT-3""-C2-0066-N";C2;VÁLVULA PINCH PASO TOTAL, MATERIAL CUERPO A126CI.B, MATERIAL EJE A283-C, MATERIAL BUJES PP, MATERIAL MANGA NBR, ANSI B16.5 CLASE 150 FF, PO (VPN-601);3-VPN-601;094;;;HV-1186;"3""";1
VAL117;1.2625;"03351-CT-3""-C2-0072-N";C2;VÁLVULA PINCH PASO TOTAL, MATERIAL CUERPO A126CI.B, MATERIAL EJE A283-C, MATERIAL BUJES PP, MATERIAL MANGA NBR, ANSI B16.5 CLASE 150 FF, PO (VPN-601);3-VKN-301;091;;;HV-1184;"3""";1
VAL118;1.2626;"03351-CT-3""-C2-0061-N";C2;VÁLVULA PINCH PASO TOTAL, MATERIAL CUERPO A126CI.B, MATERIAL EJE A283-C, MATERIAL BUJES PP, MATERIAL MANGA NBR, ANSI B16.5 CLASE 150 FF, PO (VPN-601);3-VPN-601;075;;;HV-1179;"3""";1
VAL119;1.2627;"03351-CT-3""-C2-0062-N";C2;VÁLVULA PINCH PASO TOTAL, MATERIAL CUERPO A126CI.B, MATERIAL EJE A283-C, MATERIAL BUJES PP, MATERIAL MANGA NBR, ANSI B16.5 CLASE 150 FF, PO (VPN-601);3-VPN-601;078;;;HV-1171;"3""";1
VAL120;1.2628;"03351-CT-3""-C2-0086-N";C2;VÁLVULA PINCH PASO TOTAL, MATERIAL CUERPO A126CI.B, MATERIAL EJE A283-C, MATERIAL BUJES PP, MATERIAL MANGA NBR, ANSI B16.5 CLASE 150 FF, PO (VPN-601);3-VPN-601;089;;;HV-1181;"3""";1
VAL121;1.2629;"03351-CT-3""-C2-0071-N";C2;VÁLVULA PINCH PASO TOTAL, MATERIAL CUERPO A126CI.B, MATERIAL EJE A283-C, MATERIAL BUJES PP, MATERIAL MANGA NBR, ANSI B16.5 CLASE 150 FF, PO (VPN- 601);3-VPN-601;111;;;HV-1176;"3""";1
VAL122;1.2630;"03351-CT-3""-C2-0059-N";C2;VÁLVULA PINCH PASO TOTAL, MATERIAL CUERPO A126CI.B, MATERIAL EJE A283-C, MATERIAL BUJES PP, MATERIAL MANGA NBR, ANSI B16.5 CLASE 150 FF, PO (VPN- 601);3-VPN-601;073;;03350-201CA-00003;HV-1170;"3""";1
VAL123;1.2631;"03351-CT-3""-C2-0070-N";C2;VÁLVULA PINCH PASO TOTAL, MATERIAL CUERPO A126CI.B, MATERIAL EJE A283-C, MATERIAL BUJES PP, MATERIAL MANGA NBR, ANSI B16.5 CLASE 150 FF, PO (VPN- 601);3-VPN-601;087;;;HV-1180;"3""";1
VAL124;1.2632;"03351-CT-3""-C2-0060-N";C2;VÁLVULA PINCH PASO TOTAL, MATERIAL CUERPO A126CI.B, MATERIAL EJE A283-C, MATERIAL BUJES PP, MATERIAL MANGA NBR, ANSI B16.5 CLASE 150 FF, PO (VPN-601);3-VPN-601;074;;;HV-1185;"3""";1
VAL125;1.2633;"03351-PW-2""-C1-0051-N";C1;VÁLVULA PINCH PASO TOTAL, MATERIAL CUERPO A126CI.B, MATERIAL EJE A283-C, MATERIAL BUJES PP, MATERIAL MANGA NBR, ANSI B16.5 CLASE 150 FF, PO (VPN-602);2-VPN-602;027;;;HV-1047;"2""";1
VAL126;1.2634;"03351-PW-2""-C1-0025-N";C1;VÁLVULA PINCH PASO TOTAL, MATERIAL CUERPO A126CI.B, MATERIAL EJE A283-C, MATERIAL BUJES PP, MATERIAL MANGA NBR, ANSI B16.5 CLASE 150 FF, PO (VPN-602);2-VPN-602;026;;;HV-1046;"2""";1
VAL127;1.2635;"03351-PW-2""-C1-0028-N";C1;VÁLVULA PINCH PASO TOTAL, MATERIAL CUERPO A126CI.B, MATERIAL EJE A283-C, MATERIAL BUJES PP, MATERIAL MANGA NBR, ANSI B16.5 CLASE 150 FF, PO (VPN-602);2-VPN-602;163;;;HV-1182;"2""";1
VAL128;1.2636;"03351-PW-2""-C1-0024-N";C1;VÁLVULA PINCH PASO TOTAL, MATERIAL CUERPO A126CI.B, MATERIAL EJE A283-C, MATERIAL BUJES PP, MATERIAL MANGA NBR, ANSI B16.5 CLASE 150 FF, PO (VPN-602);2-VPN-602;051;;;HV-1172;"2""";1
VAL129;1.2637;"03351-PW-2""-C1-0085-N";C1;VÁLVULA PINCH PASO TOTAL, MATERIAL CUERPO A126CI.B, MATERIAL EJE A283-C, MATERIAL BUJES PP, MATERIAL MANGA NBR, ANSI B16.5 CLASE 150 FF, PO (VPN-602);2-VPN-601;162;;;HV-1183;"2""";1
VAL130;1.2638;"03351-PW-2""-C1-0081-N";C1;VÁLVULA PINCH PASO TOTAL, MATERIAL CUERPO A126CI.B, MATERIAL EJE A283-C, MATERIAL BUJES PP, MATERIAL MANGA NBR, ANSI B16.5 CLASE 150 FF, PO (VPN-602);2-VPN-602;156;;;HV-1173;"2""";1
VAL131;1.2639;"03351-PW-2""-C1-0026-N";C1;VÁLVULA PINCH PASO TOTAL, MATERIAL CUERPO A126CI.B, MATERIAL EJE A283-C, MATERIAL BUJES PP, MATERIAL MANGA NBR, ANSI B16.5 CLASE 150 FF, PO (VPN-602);2-VPN-601;161;;;HV-1187;"2""";1
VAL132;1.2640;"03351-PW-2""-C1-0049-N";C1;VÁLVULA PINCH PASO TOTAL, MATERIAL CUERPO A126CI.B, MATERIAL EJE A283-C, MATERIAL BUJES PP, MATERIAL MANGA NBR, ANSI B16.5 CLASE 150 FF, PO (VPN-602);2-VPN-602;166;;;HV-1044;"2""";1
VAL133;1.2641;"03351-PW-2""-C1-0082-N";C1;VÁLVULA PINCH PASO TOTAL, MATERIAL CUERPO A126CI.B, MATERIAL EJE A283-C, MATERIAL BUJES PP, MATERIAL MANGA NBR, ANSI B16.5 CLASE 150 FF, PO (VPN-602);2-VPN-602;153;;;HV-1174;"2""";1
VAL134;1.2642;"03351-PW-2""-C1-0053-N";C1;VÁLVULA PINCH PASO TOTAL, MATERIAL CUERPO A126CI.B, MATERIAL EJE A283-C, MATERIAL BUJES PP, MATERIAL MANGA NBR, ANSI B16.5 CLASE 150 FF, PO (VPN-602);2-VPN-602;167;;;HV-1045;"2""";1
VAL135;1.2643;"03351-PW-2""-C1-0052-N";C1;VÁLVULA PINCH PASO TOTAL, MATERIAL CUERPO A126CI.B, MATERIAL EJE A283-C, MATERIAL BUJES PP, MATERIAL MANGA NBR, ANSI B16.5 CLASE 150 FF, PO (VPN-602);2-VPN-602;168;;;HV-1043;"2""";1
VAL136;1.2644;"03351-PW-2""-C1-0084-N";C1;VÁLVULA PINCH PASO TOTAL, MATERIAL CUERPO A126CI.B, MATERIAL EJE A283-C, MATERIAL BUJES PP, MATERIAL MANGA NBR, ANSI B16.5 CLASE 150 FF, PO (VPN- 602);2-VPN-602;159;;;HV-1191;"2""";1
VAL137;1.2645;"03351-PW-2""-C1-0048-N";C1;VÁLVULA PINCH PASO TOTAL, MATERIAL CUERPO A126CI.B, MATERIAL EJE A283-C, MATERIAL BUJES PP, MATERIAL MANGA NBR, ANSI B16.5 CLASE 150 FF, PO (VPN- 602);2-VPN-602;169;;;HV-1042;"2""";1
VAL138;1.2646;"03351-PW-2""-C1-0083-N";C1;VÁLVULA PINCH PASO TOTAL, MATERIAL CUERPO A126CI.B, MATERIAL EJE A283-C, MATERIAL BUJES PP, MATERIAL MANGA NBR, ANSI B16.5 CLASE 150 FF, PO (VPN- 602);2-VPN-602;157;;;HV-1189;"2""";1
VAL139;1.2647;"03351-GW-1""-C1-0075-N";C1;VÁLVULA RETENCIÓN TIPO SWING CHECK, ASME B16.34 CL150, CONEXIÓN NPT, 250 PSI WWP, CUERPO: ASTMA105, TRIM: SS TP316;1-VRC-400;046;;;-;"1""";1
VAL140;1.2648;"03351-GW-1""-C1-0076-N";C1;VÁLVULA RETENCIÓN TIPO SWING CHECK, ASME B16.34 CL150, CONEXIÓN NPT, 250 PSI WWP, CUERPO: ASTMA105, TRIM: SS TP316;1-VRC-400;048;;;-;"1""";1
VAL141;1.2649;"03351-GW-1""-C1-0032-N";C1;VÁLVULA TIPO GLOBO, ASTM A216 WCB, TRIM ASTM A351 CF8M, ASME B16.34, API 600 RF, CLASE 150, HO, EPDM;1-VGL-700;056;;;Manual;"1""";1
VAL142;1.2650;"03351-GW-1""-C1-0036-N";C1;VÁLVULA TIPO GLOBO, ASTM A216 WCB, TRIM ASTM A351 CF8M, ASME B16.34, API 600 RF, CLASE 150, HO, EPDM;1-VGL-700;065;;;Manual;"1""";1
VAL143;1.2651;"03351-GW-1""-C1-0034-N";C1;VÁLVULA TIPO GLOBO, ASTM A216 WCB, TRIM ASTM A351 CF8M, ASME B16.34, API 600 RF, CLASE 150, HO, EPDM;1-VGL-700;057;;;Manual;"1""";1
VAL144;2.289;"03351-IA-2""-G1-0112-N";G1;"VÁLVULA DE BOLA 2 CUERPOS, MSS SP-110 CL 2000 CWP; WOG, FULL PORT, CUERPO ASTM A105, TRIM ASTM A216 TP316, ASIENTO PTFE REFORZADO, SELLOS PTFE, ASMEB1.20.1 N";0.5-VBB-106;133;;;Manual;"1/2""";1
VAL145;2.290;"03351-IA-2""-G1-0100-N";G1;"VÁLVULA DE BOLA 2 CUERPOS, MSS SP-110 CL 2000 CWP; WOG, FULL PORT, CUERPO ASTM A105, TRIM ASTM A216 TP316, ASIENTO PTFE REFORZADO, SELLOS PTFE, ASMEB1.20.1 N";0.5-VBB-106;135;;;Manual;"1/2""";1
VAL146;2.291;"03351-IA-2""-G1-0110-N";G1;"VÁLVULA DE BOLA 3 CUERPOS, MSS SP-110 CL 2000 CWP; WOG,  FULL PORT, CUERPO ASTM A105, TRIM ASTM A216 TP316, ASIENTO PTFE REFORZADO, SELLOS PTFE, ASMEB1.20.1";2-VBB-105;130;;;Manual;"2""";1
VAL147;2.292;"03351-IA-2""-G1-0112-N";G1;"VÁLVULA DE BOLA 3 CUERPOS, MSS SP-110 CL 2000 CWP; WOG,  FULL PORT, CUERPO ASTM A105, TRIM ASTM A216 TP316, ASIENTO PTFE REFORZADO, SELLOS PTFE, ASMEB1.20.1";2-VBB-105;147;;;Manual;"2""";1
VAL148;2.293;"03351-IA-1""-G1-0103-N";G1;"VÁLVULA DE BOLA 3 CUERPOS, MSS SP-110 CL 2000 CWP; WOG,  FULL PORT, CUERPO ASTM A105, TRIM ASTM A216 TP316, ASIENTO PTFE REFORZADO, SELLOS PTFE, ASMEB1.20.1";1-VBB-105;139;627;;Manual;"1""";1
VAL149;2.294;"03351-IA-1""-G1-0104-N";G1;"VÁLVULA DE BOLA 3 CUERPOS, MSS SP-110 CL 2000 CWP; WOG,  FULL PORT, CUERPO ASTM A105, TRIM ASTM A216 TP316, ASIENTO PTFE REFORZADO, SELLOS PTFE, ASMEB1.20.1";1-VBB-105;140;631;;Manual;"1""";1
VAL150;2.295;"03351-IA-1""-G1-0109-N";G1;"VÁLVULA DE BOLA 3 CUERPOS, MSS SP-110 CL 2000 CWP; WOG,  FULL PORT, CUERPO ASTM A105, TRIM ASTM A216 TP316, ASIENTO PTFE REFORZADO, SELLOS PTFE, ASMEB1.20.1";1-VBB-105;144;695;;Manual;"1""";1
VAL151;2.296;"03351-IA-2""-G1-0112-N";G1;"VÁLVULA DE BOLA 3 CUERPOS, MSS SP-110 CL 2000 CWP; WOG,  FULL PORT, CUERPO ASTM A105, TRIM ASTM A216 TP316, ASIENTO PTFE REFORZADO, SELLOS PTFE, ASME B1.20.";1-VBB-105;132;;;Manual;"1""";1
VAL152;2.297;"03351-IA-2""-G1-0100-N";G1;"VÁLVULA DE BOLA 3 CUERPOS, MSS SP-110 CL 2000 CWP; WOG,  FULL PORT, CUERPO ASTM A105, TRIM ASTM A216 TP316, ASIENTO PTFE REFORZADO, SELLOS PTFE, ASME B1.20.";1-VBB-105;134;;;Manual;"1""";1
VAL153;2.298;"03351-IA-1""-G1-0102-N";G1;"VÁLVULA DE BOLA 3 CUERPOS, MSS SP-110 CL 2000 CWP; WOG,  FULL PORT, CUERPO ASTM A105, TRIM ASTM A216 TP316, ASIENTO PTFE REFORZADO, SELLOS PTFE, ASME B1.20.";1-VBB-105;138;;;Manual;"1""";1
VAL154;2.299;"03351-IA-1""-G1-0107-N";G1;"VÁLVULA DE BOLA 3 CUERPOS, MSS SP-110 CL 2000 CWP; WOG,  FULL PORT, CUERPO ASTM A105, TRIM ASTM A216 TP316, ASIENTO PTFE REFORZADO, SELLOS PTFE, ASMEB1.20.1";1-VBB-105;141;;;Manual;"1""";1
VAL155;2.300;"03351-IA-1""-G1-0105-N";G1;"VÁLVULA DE BOLA 3 CUERPOS, MSS SP-110 CL 2000 CWP; WOG,  FULL PORT, CUERPO ASTM A105, TRIM ASTM A216 TP316, ASIENTO PTFE REFORZADO, SELLOS PTFE, ASMEB1.20.1";1-VBB-105;142;690;;Manual;"1""";1
VAL156;2.301;"03351-IA-1""-G1-0111-N";G1;"VÁLVULA DE BOLA 3 CUERPOS, MSS SP-110 CL 2000 CWP; WOG,  FULL PORT, CUERPO ASTM A105, TRIM ASTM A216 TP316, ASIENTO PTFE REFORZADO, SELLOS PTFE, ASMEB1.20.1";1-VBB-105;145;697;;Manual;"1""";1
VAL157;2.302;"03351-IA-1""-G1-0108-N";G1;"VÁLVULA DE BOLA 3 CUERPOS, MSS SP-110 CL 2000 CWP; WOG,  FULL PORT, CUERPO ASTM A105, TRIM ASTM A216 TP316, ASIENTO PTFE REFORZADO, SELLOS PTFE, ASMEB1.20.1";1-VBB-105;143;693;;Manual;"1""";1
VAL158;2.303;"03351-IA-2""-G1-0100-N";G1;"VÁLVULA DE BOLA 3 CUERPOS, MSS SP-110 CL 2000 CWP; WOG,  FULL PORT, CUERPO ASTM A105, TRIM ASTM A216 TP316, ASIENTO PTFE REFORZADO, SELLOS PTFE, ASMEB1.20.1";2-VBB-105;146;;;Manual;"2""";1
VAL159;2.304;"03351-IA-2""-G1-0112-N";G1;"VÁLVULA DE BOLA 3 CUERPOS, MSS SP-110 CL 2000 CWP; WOG,  FULL PORT, CUERPO ASTM A105, TRIM ASTM A216 TP316, ASIENTO PTFE REFORZADO, SELLOS PTFE, ASMEB1.20.1";2-VBB-105;131;;;Manual;"2""";1
VAL160;2.305;"03351-IA-2""-G1-0101-N";G1;"VÁLVULA DE BOLA 3 CUERPOS, MSS SP-110 CL 2000 CWP; WOG,  FULL PORT, CUERPO ASTM A105, TRIM ASTM A216 TP316, ASIENTO PTFE REFORZADO, SELLOS PTFE, ASMEB1.20.1";1-VBB-105;136;;;Manual;"1""";1
VAL161;2.306;"03351-IA-1""-G1-0106-N";G1;"VÁLVULA DE BOLA 3 CUERPOS, MSS SP-110 CL 2000 CWP; WOG,  FULL PORT, CUERPO ASTM A105, TRIM ASTM A216 TP316, ASIENTO PTFE REFORZADO, SELLOS PTFE, ASMEB1.20.1";1-VBB-105;137;;;Manual;"1""";1
VAL162;3.106;"03351-FP-2""-C5-0121-HC";C5;VÁLVULA BOLA ALEACIÓN DE ACERO ASTM B584 ALLOYC84400 TRIM: ASTM B371 ALLOY C69430 MSS SP-110 HEMBRA THD ENDS NPT 300 PSI LO EPDM UL/FM;0.75-VBB-507;177;;;Manual;"3/4""";1
VAL163;3.107;"03351-FP-2""-C5-0121-HC";C5;VÁLVULA BOLA ALEACIÓN DE ACERO ASTM B584 ALLOYC84400 TRIM: ASTM B371 ALLOY C69430 MSS SP-110 HEMBRA THD ENDS NPT 300 PSI LO EPDM UL/FM;0.75-VBB-507;178;;;Manual;"3/4""";1
VAL164;3.108;"03351-FP-1""-C5-0022-HC";C5;VÁLVULA BOLA ALEACIÓN DE ACERO ASTM B584 ALLOY C84400 TRIM: ASTM B371 ALLOY C69430 MSS SP-110 HEMBRA THD ENDS NPT 300 PSI LO EPDM UL/FM;1-VBB-507;179;;;Manual;"1""";1
VAL165;3.109;"03351-FP-2""-C5-0121-HC";C5;VÁLVULA COMPUERTA HIERRO FUNDIDO ASTM A536 GR 65-45-12 TRIM SS304 AWWA C515 API 607 OS&Y DISCO SOLIDO FF 300 PSI HO EPDM UL/FM;2-VGI-108;175;;;Manual;"2""";1
VAL166;3.110;"03351-FP-2""-C5-0121-HC";C5;VÁLVULA COMPUERTA HIERRO FUNDIDO ASTM A536 GR 65-45-12 TRIM SS304 AWWA C515 API 607 OS&Y DISCO SOLIDO FF 300 PSI HO EPDM UL/FM;6-VGI-108;180;;;Manual;"6""";1
VAL167;3.111;"03351-FP-2""-C5-0121-HC";C5;VÁLVULA REGULADORA DE PRESIÓN ACERO CARBONOASTM A216 WCB TRIM ASTM A276 TIPO 316 ASME B16.34 ANSI B16.5, FF CL 150 EPDM UL/FM;2-VRP-910;176;;;Manual;"2""";1
;;;;;;;;;;;
;;;;;;;;;;;
;;;;;;;;;;;
;;;;;;;;;;;
;;;;;;;;;;;
;;;;;;;;;;;
;;;;;;;;;;;
;;;;;;;;;;;
;;;;;;;;;;;
;;;;;;;;;;;
;;;;;;;;;;;
;;;;;;;;;;;
;;;;;;;;;;;
;;;;;;;;;;;
;;;;;;;;;;;
;;;;;;;;;;;
;;;;;;;;;;;
;;;;;;;;;;;
;;;;;;;;;;;
;;;;;;;;;;;
;;;;;;;;;;;
;;;;;;;;;;;
;;;;;;;;;;;
;;;;;;;;;;;
;;;;;;;;;;;
;;;;;;;;;;;
;;;;;;;;;;;
;;;;;;;;;;;
;;;;;;;;;;;
;;;;;;;;;;;
;;;;;;;;;;;
;;;;;;;;;;;
;;;;;;;;;;;
;;;;;;;;;;;
;;;;;;;;;;;
;;;;;;;;;;;
;;;;;;;;;;;
;;;;;;;;;;;
;;;;;;;;;;;
;;;;;;;;;;;
;;;;;;;;;;;
;;;;;;;;;;;
;;;;;;;;;;;
;;;;;;;;;;;
;;;;;;;;;;;
;;;;;;;;;;;
;;;;;;;;;;;
;;;;;;;;;;;
;;;;;;;;;;;
;;;;;;;;;;;
;;;;;;;;;;;
;;;;;;;;;;;
;;;;;;;;;;;
;;;;;;;;;;;
;;;;;;;;;;;
;;;;;;;;;;;
;;;;;;;;;;;
;;;;;;;;;;;
;;;;;;;;;;;
;;;;;;;;;;;
;;;;;;;;;;;
;;;;;;;;;;;
;;;;;;;;;;;
;;;;;;;;;;;
;;;;;;;;;;;
;;;;;;;;;;;
;;;;;;;;;;;
;;;;;;;;;;;
;;;;;;;;;;;
;;;;;;;;;;;
;;;;;;;;;;;
;;;;;;;;;;;
;;;;;;;;;;;
;;;;;;;;;;;
;;;;;;;;;;;
;;;;;;;;;;;
;;;;;;;;;;;
;;;;;;;;;;;
;;;;;;;;;;;
;;;;;;;;;;;
;;;;;;;;;;;
;;;;;;;;;;;
;;;;;;;;;;;
;;;;;;;;;;;
;;;;;;;;;;;
;;;;;;;;;;;
;;;;;;;;;;;
;;;;;;;;;;;
;;;;;;;;;;;
;;;;;;;;;;;
;;;;;;;;;;;
;;;;;;;;;;;
;;;;;;;;;;;
;;;;;;;;;;;
;;;;;;;;;;;
;;;;;;;;;;;
;;;;;;;;;;;
;;;;;;;;;;;
;;;;;;;;;;;
;;;;;;;;;;;
;;;;;;;;;;;
;;;;;;;;;;;
;;;;;;;;;;;
;;;;;;;;;;;
;;;;;;;;;;;
;;;;;;;;;;;
;;;;;;;;;;;
;;;;;;;;;;;
;;;;;;;;;;;
;;;;;;;;;;;
;;;;;;;;;;;
;;;;;;;;;;;
;;;;;;;;;;;
;;;;;;;;;;;
;;;;;;;;;;;
;;;;;;;;;;;
;;;;;;;;;;;
;;;;;;;;;;;
;;;;;;;;;;;
;;;;;;;;;;;
;;;;;;;;;;;
;;;;;;;;;;;
;;;;;;;;;;;
;;;;;;;;;;;
;;;;;;;;;;;
;;;;;;;;;;;
;;;;;;;;;;;
;;;;;;;;;;;
;;;;;;;;;;;
;;;;;;;;;;;
;;;;;;;;;;;
;;;;;;;;;;;
;;;;;;;;;;;
;;;;;;;;;;;
;;;;;;;;;;;
;;;;;;;;;;;
;;;;;;;;;;;
;;;;;;;;;;;
;;;;;;;;;;;
;;;;;;;;;;;
;;;;;;;;;;;
;;;;;;;;;;;
;;;;;;;;;;;
;;;;;;;;;;;
;;;;;;;;;;;
;;;;;;;;;;;
;;;;;;;;;;;
;;;;;;;;;;;
;;;;;;;;;;;
;;;;;;;;;;;
;;;;;;;;;;;
;;;;;;;;;;;
;;;;;;;;;;;
;;;;;;;;;;;
;;;;;;;;;;;
;;;;;;;;;;;
;;;;;;;;;;;
;;;;;;;;;;;
;;;;;;;;;;;
;;;;;;;;;;;
;;;;;;;;;;;
;;;;;;;;;;;
;;;;;;;;;;;
;;;;;;;;;;;
;;;;;;;;;;;
;;;;;;;;;;;
;;;;;;;;;;;
;;;;;;;;;;;
;;;;;;;;;;;
;;;;;;;;;;;
;;;;;;;;;;;
;;;;;;;;;;;
;;;;;;;;;;;
;;;;;;;;;;;
;;;;;;;;;;;
;;;;;;;;;;;
;;;;;;;;;;;
;;;;;;;;;;;
;;;;;;;;;;;
;;;;;;;;;;;
;;;;;;;;;;;
;;;;;;;;;;;
;;;;;;;;;;;
;;;;;;;;;;;
;;;;;;;;;;;
;;;;;;;;;;;
;;;;;;;;;;;
;;;;;;;;;;;
;;;;;;;;;;;
;;;;;;;;;;;
;;;;;;;;;;;
;;;;;;;;;;;
;;;;;;;;;;;
;;;;;;;;;;;
;;;;;;;;;;;
;;;;;;;;;;;
;;;;;;;;;;;
;;;;;;;;;;;
;;;;;;;;;;;
;;;;;;;;;;;
;;;;;;;;;;;
;;;;;;;;;;;
;;;;;;;;;;;
;;;;;;;;;;;
;;;;;;;;;;;
;;;;;;;;;;;
;;;;;;;;;;;
;;;;;;;;;;;
;;;;;;;;;;;
;;;;;;;;;;;
;;;;;;;;;;;
;;;;;;;;;;;
;;;;;;;;;;;
;;;;;;;;;;;
;;;;;;;;;;;
;;;;;;;;;;;
;;;;;;;;;;;
;;;;;;;;;;;
;;;;;;;;;;;
;;;;;;;;;;;
;;;;;;;;;;;
;;;;;;;;;;;
;;;;;;;;;;;
;;;;;;;;;;;
;;;;;;;;;;;
;;;;;;;;;;;
;;;;;;;;;;;
;;;;;;;;;;;
;;;;;;;;;;;
;;;;;;;;;;;
;;;;;;;;;;;
;;;;;;;;;;;
;;;;;;;;;;;
;;;;;;;;;;;
;;;;;;;;;;;
;;;;;;;;;;;
;;;;;;;;;;;
;;;;;;;;;;;
;;;;;;;;;;;
;;;;;;;;;;;
;;;;;;;;;;;
;;;;;;;;;;;
;;;;;;;;;;;
;;;;;;;;;;;
;;;;;;;;;;;
;;;;;;;;;;;
;;;;;;;;;;;
;;;;;;;;;;;
;;;;;;;;;;;
;;;;;;;;;;;
;;;;;;;;;;;
;;;;;;;;;;;
;;;;;;;;;;;
;;;;;;;;;;;
;;;;;;;;;;;
;;;;;;;;;;;
;;;;;;;;;;;
;;;;;;;;;;;
;;;;;;;;;;;
;;;;;;;;;;;
;;;;;;;;;;;
;;;;;;;;;;;
;;;;;;;;;;;
;;;;;;;;;;;
;;;;;;;;;;;
;;;;;;;;;;;
;;;;;;;;;;;
;;;;;;;;;;;
;;;;;;;;;;;
;;;;;;;;;;;
;;;;;;;;;;;
;;;;;;;;;;;
;;;;;;;;;;;
;;;;;;;;;;;
;;;;;;;;;;;
;;;;;;;;;;;
;;;;;;;;;;;
;;;;;;;;;;;
;;;;;;;;;;;
;;;;;;;;;;;
;;;;;;;;;;;
;;;;;;;;;;;
;;;;;;;;;;;
;;;;;;;;;;;
;;;;;;;;;;;
;;;;;;;;;;;
;;;;;;;;;;;
;;;;;;;;;;;
;;;;;;;;;;;
;;;;;;;;;;;
;;;;;;;;;;;
;;;;;;;;;;;
;;;;;;;;;;;
;;;;;;;;;;;
;;;;;;;;;;;
;;;;;;;;;;;
;;;;;;;;;;;
;;;;;;;;;;;
;;;;;;;;;;;
;;;;;;;;;;;
;;;;;;;;;;;
;;;;;;;;;;;
;;;;;;;;;;;
;;;;;;;;;;;
;;;;;;;;;;;
;;;;;;;;;;;
;;;;;;;;;;;
;;;;;;;;;;;
;;;;;;;;;;;
;;;;;;;;;;;
;;;;;;;;;;;
;;;;;;;;;;;
;;;;;;;;;;;
;;;;;;;;;;;
;;;;;;;;;;;
;;;;;;;;;;;
;;;;;;;;;;;
;;;;;;;;;;;
;;;;;;;;;;;
;;;;;;;;;;;
;;;;;;;;;;;
;;;;;;;;;;;
;;;;;;;;;;;
;;;;;;;;;;;
;;;;;;;;;;;
;;;;;;;;;;;
;;;;;;;;;;;
;;;;;;;;;;;
;;;;;;;;;;;
;;;;;;;;;;;
;;;;;;;;;;;
;;;;;;;;;;;
;;;;;;;;;;;
;;;;;;;;;;;
;;;;;;;;;;;
;;;;;;;;;;;
;;;;;;;;;;;
;;;;;;;;;;;
;;;;;;;;;;;
;;;;;;;;;;;
;;;;;;;;;;;
;;;;;;;;;;;
;;;;;;;;;;;
;;;;;;;;;;;
;;;;;;;;;;;
;;;;;;;;;;;
;;;;;;;;;;;
;;;;;;;;;;;
;;;;;;;;;;;
;;;;;;;;;;;
;;;;;;;;;;;
;;;;;;;;;;;
;;;;;;;;;;;
;;;;;;;;;;;
;;;;;;;;;;;
;;;;;;;;;;;
;;;;;;;;;;;
;;;;;;;;;;;
;;;;;;;;;;;
;;;;;;;;;;;
;;;;;;;;;;;
;;;;;;;;;;;
;;;;;;;;;;;
;;;;;;;;;;;
;;;;;;;;;;;
;;;;;;;;;;;
;;;;;;;;;;;
;;;;;;;;;;;
;;;;;;;;;;;
;;;;;;;;;;;
;;;;;;;;;;;
;;;;;;;;;;;
;;;;;;;;;;;
;;;;;;;;;;;
;;;;;;;;;;;
;;;;;;;;;;;
;;;;;;;;;;;
;;;;;;;;;;;
;;;;;;;;;;;
;;;;;;;;;;;
;;;;;;;;;;;
;;;;;;;;;;;
;;;;;;;;;;;
;;;;;;;;;;;
;;;;;;;;;;;
;;;;;;;;;;;
;;;;;;;;;;;
;;;;;;;;;;;
;;;;;;;;;;;
;;;;;;;;;;;
;;;;;;;;;;;
;;;;;;;;;;;
;;;;;;;;;;;
;;;;;;;;;;;
;;;;;;;;;;;
;;;;;;;;;;;
;;;;;;;;;;;
;;;;;;;;;;;
;;;;;;;;;;;
;;;;;;;;;;;
;;;;;;;;;;;
;;;;;;;;;;;
;;;;;;;;;;;
;;;;;;;;;;;
;;;;;;;;;;;
;;;;;;;;;;;
;;;;;;;;;;;
;;;;;;;;;;;
;;;;;;;;;;;
;;;;;;;;;;;
;;;;;;;;;;;
;;;;;;;;;;;
;;;;;;;;;;;
;;;;;;;;;;;
;;;;;;;;;;;
;;;;;;;;;;;
;;;;;;;;;;;
;;;;;;;;;;;
;;;;;;;;;;;
;;;;;;;;;;;
;;;;;;;;;;;
;;;;;;;;;;;
;;;;;;;;;;;
;;;;;;;;;;;
;;;;;;;;;;;
;;;;;;;;;;;
;;;;;;;;;;;
;;;;;;;;;;;
;;;;;;;;;;;
;;;;;;;;;;;
;;;;;;;;;;;
;;;;;;;;;;;
;;;;;;;;;;;
;;;;;;;;;;;
;;;;;;;;;;;
;;;;;;;;;;;
;;;;;;;;;;;
;;;;;;;;;;;
;;;;;;;;;;;
;;;;;;;;;;;
;;;;;;;;;;;
;;;;;;;;;;;
;;;;;;;;;;;
;;;;;;;;;;;
;;;;;;;;;;;
;;;;;;;;;;;
;;;;;;;;;;;
;;;;;;;;;;;
;;;;;;;;;;;
;;;;;;;;;;;
;;;;;;;;;;;
;;;;;;;;;;;
;;;;;;;;;;;
;;;;;;;;;;;
;;;;;;;;;;;
;;;;;;;;;;;
;;;;;;;;;;;
;;;;;;;;;;;
;;;;;;;;;;;
;;;;;;;;;;;
;;;;;;;;;;;
;;;;;;;;;;;
;;;;;;;;;;;
;;;;;;;;;;;
;;;;;;;;;;;
;;;;;;;;;;;
;;;;;;;;;;;
;;;;;;;;;;;
;;;;;;;;;;;
;;;;;;;;;;;
;;;;;;;;;;;
;;;;;;;;;;;
;;;;;;;;;;;
;;;;;;;;;;;
;;;;;;;;;;;
;;;;;;;;;;;
;;;;;;;;;;;
;;;;;;;;;;;
;;;;;;;;;;;
;;;;;;;;;;;
;;;;;;;;;;;
;;;;;;;;;;;
;;;;;;;;;;;
;;;;;;;;;;;
;;;;;;;;;;;
;;;;;;;;;;;
;;;;;;;;;;;
;;;;;;;;;;;
;;;;;;;;;;;
;;;;;;;;;;;
;;;;;;;;;;;
;;;;;;;;;;;
;;;;;;;;;;;
;;;;;;;;;;;
;;;;;;;;;;;
;;;;;;;;;;;
;;;;;;;;;;;
;;;;;;;;;;;
;;;;;;;;;;;
;;;;;;;;;;;
;;;;;;;;;;;
;;;;;;;;;;;
;;;;;;;;;;;
;;;;;;;;;;;
;;;;;;;;;;;
;;;;;;;;;;;
;;;;;;;;;;;
;;;;;;;;;;;
;;;;;;;;;;;
;;;;;;;;;;;
;;;;;;;;;;;
;;;;;;;;;;;
;;;;;;;;;;;
;;;;;;;;;;;
;;;;;;;;;;;
;;;;;;;;;;;
;;;;;;;;;;;
;;;;;;;;;;;
;;;;;;;;;;;
;;;;;;;;;;;
;;;;;;;;;;;
;;;;;;;;;;;
;;;;;;;;;;;
;;;;;;;;;;;
;;;;;;;;;;;
;;;;;;;;;;;
;;;;;;;;;;;
;;;;;;;;;;;
;;;;;;;;;;;
;;;;;;;;;;;
;;;;;;;;;;;
;;;;;;;;;;;
;;;;;;;;;;;
;;;;;;;;;;;
;;;;;;;;;;;
;;;;;;;;;;;
;;;;;;;;;;;
;;;;;;;;;;;
;;;;;;;;;;;
;;;;;;;;;;;
;;;;;;;;;;;
;;;;;;;;;;;
;;;;;;;;;;;
;;;;;;;;;;;
;;;;;;;;;;;
;;;;;;;;;;;
;;;;;;;;;;;
;;;;;;;;;;;
;;;;;;;;;;;
;;;;;;;;;;;
;;;;;;;;;;;
;;;;;;;;;;;
;;;;;;;;;;;
;;;;;;;;;;;
;;;;;;;;;;;
;;;;;;;;;;;
;;;;;;;;;;;
;;;;;;;;;;;
;;;;;;;;;;;
;;;;;;;;;;;
;;;;;;;;;;;
;;;;;;;;;;;
;;;;;;;;;;;
;;;;;;;;;;;
;;;;;;;;;;;
;;;;;;;;;;;
;;;;;;;;;;;
;;;;;;;;;;;
;;;;;;;;;;;
;;;;;;;;;;;
;;;;;;;;;;;
;;;;;;;;;;;
;;;;;;;;;;;
;;;;;;;;;;;
;;;;;;;;;;;
;;;;;;;;;;;
;;;;;;;;;;;
;;;;;;;;;;;
;;;;;;;;;;;
;;;;;;;;;;;
;;;;;;;;;;;
;;;;;;;;;;;
;;;;;;;;;;;
;;;;;;;;;;;
;;;;;;;;;;;
;;;;;;;;;;;
;;;;;;;;;;;
;;;;;;;;;;;
;;;;;;;;;;;
;;;;;;;;;;;
;;;;;;;;;;;
;;;;;;;;;;;
;;;;;;;;;;;
;;;;;;;;;;;
;;;;;;;;;;;
;;;;;;;;;;;
;;;;;;;;;;;
;;;;;;;;;;;
;;;;;;;;;;;
;;;;;;;;;;;
;;;;;;;;;;;
;;;;;;;;;;;
;;;;;;;;;;;
;;;;;;;;;;;
;;;;;;;;;;;
;;;;;;;;;;;
;;;;;;;;;;;
;;;;;;;;;;;
;;;;;;;;;;;
;;;;;;;;;;;
;;;;;;;;;;;
;;;;;;;;;;;
;;;;;;;;;;;
;;;;;;;;;;;
;;;;;;;;;;;
;;;;;;;;;;;
;;;;;;;;;;;
;;;;;;;;;;;
;;;;;;;;;;;
;;;;;;;;;;;
;;;;;;;;;;;
;;;;;;;;;;;
;;;;;;;;;;;
;;;;;;;;;;;
;;;;;;;;;;;
;;;;;;;;;;;
;;;;;;;;;;;
;;;;;;;;;;;
;;;;;;;;;;;
;;;;;;;;;;;
;;;;;;;;;;;
;;;;;;;;;;;
;;;;;;;;;;;
;;;;;;;;;;;
;;;;;;;;;;;
;;;;;;;;;;;
;;;;;;;;;;;
;;;;;;;;;;;
;;;;;;;;;;;
;;;;;;;;;;;
;;;;;;;;;;;
;;;;;;;;;;;
;;;;;;;;;;;
;;;;;;;;;;;
;;;;;;;;;;;
;;;;;;;;;;;
;;;;;;;;;;;
;;;;;;;;;;;
;;;;;;;;;;;
;;;;;;;;;;;
;;;;;;;;;;;
;;;;;;;;;;;
;;;;;;;;;;;
;;;;;;;;;;;
;;;;;;;;;;;
;;;;;;;;;;;
;;;;;;;;;;;
;;;;;;;;;;;
;;;;;;;;;;;
;;;;;;;;;;;
;;;;;;;;;;;
;;;;;;;;;;;
;;;;;;;;;;;
;;;;;;;;;;;
;;;;;;;;;;;
;;;;;;;;;;;
;;;;;;;;;;;
;;;;;;;;;;;
;;;;;;;;;;;
;;;;;;;;;;;
;;;;;;;;;;;
;;;;;;;;;;;
;;;;;;;;;;;
;;;;;;;;;;;
;;;;;;;;;;;
;;;;;;;;;;;
;;;;;;;;;;;
;;;;;;;;;;;
;;;;;;;;;;;
;;;;;;;;;;;
;;;;;;;;;;;
;;;;;;;;;;;
;;;;;;;;;;;
;;;;;;;;;;;
;;;;;;;;;;;
;;;;;;;;;;;
;;;;;;;;;;;
;;;;;;;;;;;
;;;;;;;;;;;
;;;;;;;;;;;
;;;;;;;;;;;
;;;;;;;;;;;
;;;;;;;;;;;
;;;;;;;;;;;
;;;;;;;;;;;
;;;;;;;;;;;
;;;;;;;;;;;
;;;;;;;;;;;
;;;;;;;;;;;
;;;;;;;;;;;
;;;;;;;;;;;
;;;;;;;;;;;
;;;;;;;;;;;
;;;;;;;;;;;
;;;;;;;;;;;
;;;;;;;;;;;
;;;;;;;;;;;
;;;;;;;;;;;
;;;;;;;;;;;
;;;;;;;;;;;
;;;;;;;;;;;
;;;;;;;;;;;
;;;;;;;;;;;
;;;;;;;;;;;
;;;;;;;;;;;
;;;;;;;;;;;
;;;;;;;;;;;
;;;;;;;;;;;
;;;;;;;;;;;
;;;;;;;;;;;
;;;;;;;;;;;
;;;;;;;;;;;
;;;;;;;;;;;
;;;;;;;;;;;
;;;;;;;;;;;
;;;;;;;;;;;
;;;;;;;;;;;
;;;;;;;;;;;
;;;;;;;;;;;
;;;;;;;;;;;
;;;;;;;;;;;
;;;;;;;;;;;
;;;;;;;;;;;
;;;;;;;;;;;
;;;;;;;;;;;
;;;;;;;;;;;
;;;;;;;;;;;
;;;;;;;;;;;
;;;;;;;;;;;
;;;;;;;;;;;
;;;;;;;;;;;
;;;;;;;;;;;
;;;;;;;;;;;
;;;;;;;;;;;
;;;;;;;;;;;
;;;;;;;;;;;
;;;;;;;;;;;
;;;;;;;;;;;
;;;;;;;;;;;
;;;;;;;;;;;
;;;;;;;;;;;
;;;;;;;;;;;
;;;;;;;;;;;
;;;;;;;;;;;
;;;;;;;;;;;
;;;;;;;;;;;
;;;;;;;;;;;
;;;;;;;;;;;
;;;;;;;;;;;
;;;;;;;;;;;
;;;;;;;;;;;
;;;;;;;;;;;
;;;;;;;;;;;
;;;;;;;;;;;
;;;;;;;;;;;
;;;;;;;;;;;
;;;;;;;;;;;
;;;;;;;;;;;
;;;;;;;;;;;
;;;;;;;;;;;
;;;;;;;;;;;
;;;;;;;;;;;
;;;;;;;;;;;
;;;;;;;;;;;
;;;;;;;;;;;
;;;;;;;;;;;
;;;;;;;;;;;
;;;;;;;;;;;
;;;;;;;;;;;
;;;;;;;;;;;
;;;;;;;;;;;
;;;;;;;;;;;
;;;;;;;;;;;
;;;;;;;;;;;
;;;;;;;;;;;
;;;;;;;;;;;
;;;;;;;;;;;
;;;;;;;;;;;
;;;;;;;;;;;
;;;;;;;;;;;
;;;;;;;;;;;
;;;;;;;;;;;
;;;;;;;;;;;
;;;;;;;;;;;
;;;;;;;;;;;
;;;;;;;;;;;
;;;;;;;;;;;
;;;;;;;;;;;
;;;;;;;;;;;
;;;;;;;;;;;
;;;;;;;;;;;
;;;;;;;;;;;
;;;;;;;;;;;
;;;;;;;;;;;
;;;;;;;;;;;
;;;;;;;;;;;
;;;;;;;;;;;
;;;;;;;;;;;
;;;;;;;;;;;
;;;;;;;;;;;
;;;;;;;;;;;
;;;;;;;;;;;
;;;;;;;;;;;
;;;;;;;;;;;
;;;;;;;;;;;
;;;;;;;;;;;
;;;;;;;;;;;
;;;;;;;;;;;
;;;;;;;;;;;
;;;;;;;;;;;
;;;;;;;;;;;
;;;;;;;;;;;
;;;;;;;;;;;
;;;;;;;;;;;
;;;;;;;;;;;
;;;;;;;;;;;
;;;;;;;;;;;
;;;;;;;;;;;
;;;;;;;;;;;
;;;;;;;;;;;
;;;;;;;;;;;
;;;;;;;;;;;
